{
    "competidores_directos_conv": [
        "462112"
    ],
    "competidores_indirectos_abarrotes": [
        "461110"
    ],
    "competidores_indirectos_farmacias_conv": [
        "464112"
    ],
    "generador_trafico_escuelas_basicas_medias": [
        "611111",
        "611112",
        "611121",
        "611122",
        "611131",
        "611132",
        "611141",
        "611142",
        "611161",
        "611162",
        "611171",
        "611172"
    ],
    "generador_trafico_universidades_tecnologicos": [
        "611211",
        "611212",
        "611311",
        "611312"
    ],
    "generador_trafico_oficinas_corporativos": [
        "551111",
        "541610",
        "541690",
        "541990"
    ],
    "generador_trafico_hospitales_clinicas": [
        "621115",
        "621116",
        "622111",
        "622112"
    ],
    "generador_trafico_bancos": [
        "522110"
    ],
    "generador_trafico_restaurantes_fastfood": [
        "722511",
        "722512",
        "722513",
        "722514",
        "722515",
        "722516",
        "722517",
        "722518",
        "722519"
    ],
    "generador_trafico_transporte_terminales": [
        "485210",
        "485410"
    ],
    "generador_trafico_hoteles": [
        "721111",
        "721112",
        "721113",
        "721120",
        "721190",
        "721210",
        "721311",
        "721312"
    ],
    "generador_trafico_gasolineras": [
        "468411"
    ]
}