{"version": 0.6, "generator": "Overpass API 0.7.62.5 1bd436f1", "osm3s": {"timestamp_osm_base": "2025-05-25T03:43:33Z", "copyright": "The data included in this document is from www.openstreetmap.org. The data is made available under ODbL."}, "elements": [{"type": "node", "id": 1122825663, "lat": 25.6947952, "lon": -100.2146124}, {"type": "node", "id": 1122825744, "lat": 25.6947963, "lon": -100.2147455}, {"type": "node", "id": 1122825765, "lat": 25.6936097, "lon": -100.2146365}, {"type": "node", "id": 1122825766, "lat": 25.6933475, "lon": -100.2152722}, {"type": "node", "id": 1122825773, "lat": 25.6941976, "lon": -100.2152315}, {"type": "node", "id": 1402788232, "lat": 25.6906685, "lon": -100.2134836}, {"type": "node", "id": 1402788256, "lat": 25.690599, "lon": -100.213494}, {"type": "node", "id": 1402788279, "lat": 25.6907229, "lon": -100.2125936, "tags": {"amenity": "bank", "name": "Pollo Loco"}}, {"type": "node", "id": 1402788307, "lat": 25.6907123, "lon": -100.2138444}, {"type": "node", "id": 1402788327, "lat": 25.6906428, "lon": -100.2138548}, {"type": "node", "id": 1877984333, "lat": 25.6864587, "lon": -100.2077489}, {"type": "node", "id": 1877984341, "lat": 25.6862032, "lon": -100.2084939}, {"type": "node", "id": 1877984385, "lat": 25.6873579, "lon": -100.2079581}, {"type": "node", "id": 1877984394, "lat": 25.6869808, "lon": -100.2090578}, {"type": "node", "id": 1947943455, "lat": 25.6860143, "lon": -100.2184384}, {"type": "node", "id": 1947943465, "lat": 25.6867853, "lon": -100.2183914}, {"type": "node", "id": 1947943489, "lat": 25.6867636, "lon": -100.2173078}, {"type": "node", "id": 1947943498, "lat": 25.6859248, "lon": -100.2173615}, {"type": "node", "id": 1947943501, "lat": 25.6867382, "lon": -100.217277}, {"type": "node", "id": 1947943512, "lat": 25.6859575, "lon": -100.2173226}, {"type": "node", "id": 1947943520, "lat": 25.6868071, "lon": -100.2183566}, {"type": "node", "id": 1947943530, "lat": 25.6859792, "lon": -100.2184035}, {"type": "node", "id": 4060520158, "lat": 25.6935841, "lon": -100.2144181}, {"type": "node", "id": 4060520159, "lat": 25.6931275, "lon": -100.2143644}, {"type": "node", "id": 4060520160, "lat": 25.6935736, "lon": -100.2135332}, {"type": "node", "id": 4060520161, "lat": 25.6938598, "lon": -100.2138227}, {"type": "node", "id": 4060520188, "lat": 25.6944984, "lon": -100.2121403}, {"type": "node", "id": 4060520489, "lat": 25.6944162, "lon": -100.2121456}, {"type": "node", "id": 4060520490, "lat": 25.6944162, "lon": -100.2119874}, {"type": "node", "id": 4060520491, "lat": 25.6944863, "lon": -100.211982}, {"type": "node", "id": 4060520492, "lat": 25.6947594, "lon": -100.2119438}, {"type": "node", "id": 4060520493, "lat": 25.6945349, "lon": -100.2119683}, {"type": "node", "id": 4060520494, "lat": 25.6945231, "lon": -100.2118356}, {"type": "node", "id": 4060520495, "lat": 25.6947476, "lon": -100.2118111}, {"type": "node", "id": 4279357889, "lat": 25.6938957, "lon": -100.212915, "tags": {"amenity": "fuel", "brand": "Pemex", "brand:wikidata": "Q871308", "name": "Pemex"}}, {"type": "node", "id": 7439701754, "lat": 25.6903274, "lon": -100.2126015}, {"type": "node", "id": 7439701755, "lat": 25.6902647, "lon": -100.2125474}, {"type": "node", "id": 7439701756, "lat": 25.6902247, "lon": -100.2126045}, {"type": "node", "id": 7439701757, "lat": 25.6902874, "lon": -100.2126587}, {"type": "way", "id": 96899521, "nodes": [1122825663, 1122825744, 1122825773, 1122825766, 1122825765, 1122825663], "tags": {"amenity": "school", "name": "Profesor Ciro R. Cantu"}}, {"type": "way", "id": 126568480, "nodes": [1402788307, 1402788327, 1402788256, 1402788232, 1402788307], "tags": {"amenity": "fuel", "brand": "Pemex", "brand:wikidata": "Q871308", "layer": "1", "name": "Pemex"}}, {"type": "way", "id": 177353803, "nodes": [1877984341, 1877984333, 1877984385, 1877984394, 1877984341], "tags": {"amenity": "school", "name": "Escuela Primaria Mariano Escobedo"}}, {"type": "way", "id": 184330609, "nodes": [1947943520, 1947943489, 1947943501, 1947943512, 1947943498, 1947943530, 1947943455, 1947943465, 1947943520], "tags": {"amenity": "school", "fixme": "CHECKNAME"}}, {"type": "way", "id": 403721716, "nodes": [4060520158, 4060520159, 4060520160, 4060520161, 4060520158], "tags": {"amenity": "fuel", "brand": "Oxxo", "brand:wikidata": "Q1342538", "name": "Oxxo"}}, {"type": "way", "id": 403721722, "nodes": [4060520188, 4060520489, 4060520490, 4060520491, 4060520188], "tags": {"amenity": "fuel", "brand": "Pemex", "brand:wikidata": "Q871308", "name": "Pemex"}}, {"type": "way", "id": 403721723, "nodes": [4060520492, 4060520493, 4060520494, 4060520495, 4060520492], "tags": {"amenity": "pharmacy", "brand": "Benavides", "brand:wikidata": "Q5435613", "building": "yes", "healthcare": "pharmacy", "name": "Benavides"}}, {"type": "way", "id": 795435544, "nodes": [7439701757, 7439701756, 7439701755, 7439701754, 7439701757], "tags": {"addr:street": "Avenida Adolfo L\u00f3pez Mateos", "amenity": "fuel", "brand": "Pemex", "brand:wikidata": "Q871308", "brand:wikipedia": "en:Pemex", "building": "roof", "name": "Pemex"}}]}