TIENDA_ID,PLAZA_CVE,NIVELSOCIOECONOMICO_DES,ENTORNO_DES,MTS2VENTAS_NUM,PUERTASREFRIG_NUM,LATITUD_NUM,LONGITUD_NUM,SEGMENTO_MAESTRO_DESC,LID_UBICACION_TIENDA,DATASET,COMPETENCIA_500
126,1,3.0,1.0,127.42,13,25.69107,-100.21261,2.0,1.0,TRAIN,22
681,1,4.0,1.0,128.13,13,25.73571,-100.18086,2.0,1.0,TRAIN,16
117,1,4.0,0.0,87.62,11,25.71883,-100.19133,2.0,1.0,TRAIN,32
682,1,4.0,1.0,90.7,13,25.66952,-100.20744,2.0,1.0,TRAIN,35
275,1,4.0,1.0,95.3,13,25.73766,-100.16116,2.0,1.0,TRAIN,19
684,1,4.0,0.0,116.07,13,25.70486,-100.15613,3.0,2.0,TRAIN,20
694,1,4.0,3.0,78.48,13,25.67955,-100.24328,3.0,3.0,TRAIN,15
272,1,4.0,1.0,100.58,12,25.70058,-100.2018,2.0,1.0,TRAIN,12
702,1,4.0,1.0,73.24,13,25.67344,-100.26084,2.0,1.0,TRAIN,26
704,1,4.0,0.0,107.23,13,25.68419,-100.22138,2.0,4.0,TRAIN,31
125,1,3.0,1.0,141.9,10,25.69017,-100.25164,1.0,4.0,TRAIN,5
279,1,4.0,1.0,104.2,13,25.67484,-100.24412,2.0,1.0,TRAIN,11
127,1,3.0,1.0,132.0,12,25.66474,-100.20913,2.0,2.0,TRAIN,41
706,1,4.0,1.0,120.87,13,25.73785,-100.20217,2.0,1.0,TRAIN,7
129,1,3.0,0.0,83.99,13,25.6808,-100.24372,2.0,4.0,TRAIN,14
268,1,4.0,0.0,121.2,13,25.69481,-100.23052,1.0,2.0,TRAIN,6
131,1,3.0,1.0,99.65,12,25.64911,-100.26649,1.0,1.0,TRAIN,6
716,1,4.0,1.0,121.21,13,25.7105,-100.21547,2.0,1.0,TRAIN,18
722,1,4.0,0.0,118.3,13,25.69569,-100.24609,3.0,4.0,TRAIN,10
726,1,4.0,1.0,113.96,13,25.72278,-100.15421,2.0,1.0,TRAIN,9
135,1,3.0,1.0,124.5,12,25.69272,-100.25433,1.0,1.0,TRAIN,9
663,1,4.0,0.0,115.76,13,25.71882,-100.16863,2.0,4.0,TRAIN,19
639,1,4.0,1.0,113.85,13,25.71143,-100.15224,2.0,1.0,TRAIN,40
642,1,4.0,3.0,88.39,13,25.70438,-100.22197,3.0,3.0,TRAIN,6
299,1,4.0,1.0,94.0,10,25.68426,-100.21374,2.0,4.0,TRAIN,39
298,1,4.0,2.0,103.3,13,25.67933,-100.24593,3.0,3.0,TRAIN,26
644,1,4.0,0.0,105.69,13,25.7036,-100.15854,2.0,3.0,TRAIN,10
296,1,4.0,1.0,86.0,13,25.66105,-100.25257,1.0,2.0,TRAIN,3
652,1,4.0,0.0,113.23,14,25.65635,-100.26234,1.0,4.0,TRAIN,2
653,1,4.0,1.0,112.09,13,25.69885,-100.12075,1.0,1.0,TRAIN,5
292,1,4.0,1.0,114.0,13,25.72188,-100.20232,2.0,2.0,TRAIN,17
291,1,4.0,1.0,108.91,13,25.68419,-100.24388,2.0,1.0,TRAIN,15
731,1,4.0,0.0,117.97,15,25.67493,-100.20706,2.0,2.0,TRAIN,31
289,1,4.0,1.0,114.04,13,25.70314,-100.23122,2.0,2.0,TRAIN,7
288,1,6.0,0.0,104.0,13,25.67442,-100.20493,2.0,4.0,TRAIN,29
667,1,4.0,1.0,122.19,13,25.73719,-100.15527,2.0,1.0,TRAIN,20
668,1,4.0,1.0,93.08,13,25.72812,-100.18563,2.0,1.0,TRAIN,49
285,1,0.0,1.0,130.46,13,25.64192,-100.26826,1.0,1.0,TRAIN,6
671,1,4.0,0.0,114.21,13,25.67863,-100.26725,2.0,4.0,TRAIN,21
674,1,4.0,1.0,114.34,13,25.69528,-100.20643,2.0,1.0,TRAIN,57
281,1,3.0,1.0,121.54,13,25.69659,-100.25507,2.0,1.0,TRAIN,13
677,1,4.0,1.0,110.81,13,25.68325,-100.23067,4.0,1.0,TRAIN,27
834,1,4.0,1.0,101.33,13,25.70647,-100.22508,2.0,1.0,TRAIN,6
792,1,4.0,2.0,87.25,10,25.67762,-100.25978,3.0,3.0,TRAIN,21
164,1,5.0,0.0,107.27651,12,25.73369,-100.19908,2.0,2.0,TRAIN,25
231,1,5.0,1.0,116.5,13,25.70295,-100.25852,2.0,2.0,TRAIN,25
823,1,4.0,1.0,108.66,12,25.66404,-100.23363,2.0,1.0,TRAIN,31
824,1,4.0,1.0,97.92,11,25.7371,-100.16613,2.0,1.0,TRAIN,37
182,1,3.0,1.0,111.9,13,25.68312,-100.2139,2.0,1.0,TRAIN,33
223,1,3.0,1.0,128.96,12,25.66976,-100.23605,2.0,2.0,TRAIN,35
828,1,4.0,1.0,109.77168674698795,12,25.6678,-100.2209,2.0,1.0,TRAIN,56
832,1,4.0,1.0,66.04,9,25.66925,-100.237,2.0,1.0,TRAIN,36
245,1,6.0,1.0,116.0,10,25.73065,-100.18657,2.0,1.0,TRAIN,42
188,1,3.0,3.0,95.3,13,25.68763,-100.24615,4.0,2.0,TRAIN,9
191,1,5.0,3.0,131.5,11,25.69273,-100.24576,1.0,2.0,TRAIN,5
847,1,4.0,1.0,100.4,13,25.71567,-100.1601,2.0,2.0,TRAIN,15
193,1,5.0,1.0,95.54,10,25.73871,-100.18913,2.0,1.0,TRAIN,58
212,1,5.0,0.0,134.24,12,25.69344,-100.1831,4.0,0.0,TRAIN,31
211,1,4.0,1.0,127.62,12,25.74447,-100.17476,2.0,1.0,TRAIN,20
199,1,5.0,0.0,113.0,11,25.72332,-100.19058,2.0,4.0,TRAIN,45
873,1,4.0,3.0,58.12,8,25.69741,-100.13975,4.0,4.0,TRAIN,2
254,1,4.0,1.0,113.0,12,25.66872,-100.2344,2.0,2.0,TRAIN,35
735,1,4.0,1.0,83.57,12,25.71611,-100.18296,2.0,1.0,TRAIN,36
746,1,4.0,1.0,104.1,15,25.6867,-100.19352,2.0,1.0,TRAIN,25
141,1,3.0,1.0,98.5,11,25.68098,-100.23912,2.0,1.0,TRAIN,20
259,1,4.0,0.0,99.08,10,25.67765,-100.2596,3.0,3.0,TRAIN,22
753,1,4.0,1.0,103.64,14,25.72788,-100.18008,2.0,1.0,TRAIN,58
754,1,4.0,1.0,119.75,15,25.71732,-100.19217,2.0,1.0,TRAIN,33
145,1,3.0,1.0,112.5,13,25.66404,-100.21449,2.0,1.0,TRAIN,28
765,1,4.0,1.0,94.42,13,25.69325,-100.23738,3.0,1.0,TRAIN,16
766,1,4.0,0.0,118.52,15,25.72372,-100.14054,2.0,4.0,TRAIN,3
395,1,4.0,1.0,79.55,10,25.67661,-100.24879,2.0,1.0,TRAIN,34
253,1,4.0,1.0,117.0,12,25.72968,-100.17269,2.0,1.0,TRAIN,59
769,1,4.0,0.0,108.8,15,25.69461,-100.17078,3.0,4.0,TRAIN,3
152,1,3.0,1.0,102.1,13,25.66861,-100.24023,2.0,1.0,TRAIN,27
783,1,4.0,1.0,114.47,14,25.6989,-100.1506,2.0,1.0,TRAIN,1
789,1,4.0,1.0,100.7,11,25.71404,-100.17443,2.0,1.0,TRAIN,16
248,1,5.0,0.0,100.28,13,25.70751,-100.19946,3.0,2.0,TRAIN,10
156,1,3.0,1.0,115.0,11,25.67567,-100.22221,2.0,1.0,TRAIN,26
247,1,6.0,1.0,104.6,13,25.69494,-100.21911,2.0,1.0,TRAIN,26
474,1,4.0,1.0,115.79,13,25.71698,-100.13154,2.0,1.0,TRAIN,11
453,1,4.0,0.0,107.02,13,25.74442,-100.16092,2.0,2.0,TRAIN,4
455,1,4.0,1.0,119.51,13,25.73055,-100.18982,2.0,1.0,TRAIN,48
366,1,4.0,1.0,100.0,10,25.66606,-100.26935,2.0,2.0,TRAIN,23
365,1,4.0,0.0,97.54,13,25.6751,-100.21091,3.0,3.0,TRAIN,24
456,1,4.0,1.0,127.9,13,25.74066,-100.1661,2.0,1.0,TRAIN,27
457,1,4.0,1.0,81.3,10,25.73088,-100.15723,2.0,1.0,TRAIN,27
458,1,4.0,1.0,101.46,13,25.70524,-100.20732,2.0,1.0,TRAIN,28
361,1,4.0,1.0,93.0,12,25.71936,-100.16773,2.0,1.0,TRAIN,15
464,1,4.0,1.0,138.92,13,25.70318,-100.24274,2.0,1.0,TRAIN,24
358,1,4.0,0.0,93.0,10,25.70128,-100.16365,2.0,2.0,TRAIN,52
447,1,4.0,1.0,83.9,13,25.73034,-100.16336,2.0,4.0,TRAIN,29
356,1,4.0,1.0,77.0,10,25.66098,-100.26814,2.0,4.0,TRAIN,23
355,1,4.0,1.0,90.0,10,25.66743,-100.25439,2.0,4.0,TRAIN,7
484,1,4.0,1.0,115.75,13,25.71093,-100.13501,2.0,1.0,TRAIN,32
493,1,4.0,0.0,119.41,13,25.68103,-100.25271,2.0,4.0,TRAIN,42
352,1,4.0,0.0,105.0,10,25.74532,-100.17814,4.0,2.0,TRAIN,10
351,1,4.0,0.0,93.0,10,25.67929,-100.26519,3.0,2.0,TRAIN,15
495,1,4.0,0.0,115.7,13,25.66923,-100.23264,2.0,4.0,TRAIN,30
503,1,4.0,1.0,81.59,11,25.67292,-100.25155,2.0,1.0,TRAIN,27
348,1,4.0,1.0,100.0,10,25.69414,-100.1901,2.0,1.0,TRAIN,40
506,1,4.0,1.0,105.66,13,25.70051,-100.18745,2.0,1.0,TRAIN,39
401,1,4.0,1.0,92.52,12,25.71205,-100.16304,2.0,4.0,TRAIN,9
389,1,3.0,0.0,98.08,12,25.74648,-100.19411,2.0,2.0,TRAIN,15
402,1,4.0,1.0,103.27,13,25.72369,-100.16661,2.0,4.0,TRAIN,25
404,1,4.0,0.0,112.87,13,25.67993,-100.25752,3.0,1.0,TRAIN,17
406,1,4.0,1.0,76.69,10,25.6645,-100.26545,1.0,1.0,TRAIN,16
407,1,4.0,0.0,118.47,13,25.73733,-100.20671,3.0,2.0,TRAIN,2
409,1,4.0,1.0,95.68,13,25.66723,-100.22505,2.0,4.0,TRAIN,47
411,1,4.0,1.0,109.85,13,25.70931,-100.1846,2.0,4.0,TRAIN,9
417,1,4.0,0.0,95.22,12,25.66245,-100.23941,2.0,4.0,TRAIN,30
423,1,4.0,0.0,85.18,12,25.6728,-100.23769,2.0,4.0,TRAIN,21
635,1,4.0,0.0,120.27,14,25.6638,-100.25769,2.0,4.0,TRAIN,10
425,1,4.0,1.0,116.15,13,25.73241,-100.17578,2.0,1.0,TRAIN,44
427,1,4.0,1.0,122.63,13,25.73371,-100.18386,2.0,1.0,TRAIN,25
431,1,4.0,1.0,119.24,13,25.66744,-100.2239,2.0,1.0,TRAIN,47
433,1,4.0,0.0,127.4,13,25.70933,-100.23586,2.0,1.0,TRAIN,6
438,1,4.0,1.0,117.61,13,25.69605,-100.21036,2.0,1.0,TRAIN,31
374,1,4.0,0.0,107.92,13,25.72258,-100.14044,2.0,0.0,TRAIN,4
439,1,4.0,1.0,115.55,13,25.71549,-100.20702,2.0,1.0,TRAIN,23
372,1,5.0,1.0,80.56,12,25.65999,-100.23217,2.0,4.0,TRAIN,41
441,1,5.0,1.0,111.48,13,25.72353,-100.17124,2.0,1.0,TRAIN,31
446,1,4.0,1.0,126.8,13,25.68774,-100.18129,2.0,1.0,TRAIN,18
612,1,4.0,1.0,101.06,12,25.74353,-100.17685,2.0,1.0,TRAIN,11
587,1,4.0,1.0,91.25,13,25.72789,-100.1931,2.0,1.0,TRAIN,46
346,1,4.0,1.0,90.0,10,25.74205,-100.19846,2.0,1.0,TRAIN,23
322,1,4.0,0.0,100.0,10,25.65836,-100.22371,2.0,1.0,TRAIN,43
321,1,4.0,1.0,102.0,10,25.70853,-100.15266,2.0,1.0,TRAIN,43
591,1,4.0,1.0,86.41,13,25.65561,-100.22113,2.0,1.0,TRAIN,49
302,1,5.0,0.0,130.0,13,25.67635,-100.26692,2.0,3.0,TRAIN,30
633,1,4.0,1.0,103.05,12,25.72512,-100.18482,2.0,1.0,TRAIN,66
616,1,4.0,1.0,96.93,12,25.70758,-100.16037,2.0,1.0,TRAIN,29
306,1,4.0,0.0,182.0,13,25.67946,-100.2584,3.0,1.0,TRAIN,17
307,1,4.0,1.0,114.0,13,25.66859,-100.26665,2.0,1.0,TRAIN,24
593,1,4.0,1.0,111.14,13,25.74583,-100.16589,2.0,1.0,TRAIN,5
509,1,4.0,0.0,115.72,13,25.66655,-100.21398,2.0,4.0,TRAIN,35
611,1,4.0,0.0,115.66,13,25.68666,-100.23036,0.0,1.0,TRAIN,39
318,1,4.0,1.0,107.0,10,25.74066,-100.16799,2.0,1.0,TRAIN,33
317,1,4.0,1.0,104.0,13,25.66909,-100.26294,2.0,1.0,TRAIN,29
594,1,4.0,1.0,98.07,13,25.72671,-100.17316,2.0,1.0,TRAIN,47
315,1,3.0,1.0,93.0,10,25.65235,-100.26606,1.0,1.0,TRAIN,13
314,1,4.0,0.0,107.0,13,25.67509,-100.26958,2.0,1.0,TRAIN,32
597,1,4.0,1.0,110.73,14,25.6714,-100.21653,2.0,1.0,TRAIN,43
598,1,4.0,1.0,96.69,12,25.68012,-100.22238,2.0,1.0,TRAIN,28
599,1,4.0,1.0,114.63,13,25.67213,-100.23018,2.0,1.0,TRAIN,24
585,1,4.0,1.0,112.9,12,25.66144,-100.21849,2.0,1.0,TRAIN,34
519,1,4.0,0.0,115.03,13,25.68449,-100.2262,2.0,4.0,TRAIN,34
536,1,4.0,1.0,114.87,13,25.6581,-100.22496,2.0,1.0,TRAIN,46
541,1,4.0,1.0,109.97,13,25.70214,-100.25043,2.0,1.0,TRAIN,23
557,1,4.0,1.0,84.08,12,25.6704,-100.21162,2.0,1.0,TRAIN,29
559,1,4.0,1.0,92.18,13,25.72444,-100.15672,2.0,1.0,TRAIN,15
562,1,4.0,1.0,104.62,13,25.69635,-100.20652,2.0,1.0,TRAIN,55
564,1,4.0,1.0,115.51,13,25.68658,-100.21385,2.0,4.0,TRAIN,39
571,1,4.0,1.0,112.89,13,25.74155,-100.18463,2.0,1.0,TRAIN,15
332,1,2.0,3.0,136.0,13,25.69665,-100.14323,3.0,1.0,TRAIN,0
324,1,4.0,1.0,97.0,13,25.69969,-100.21334,2.0,1.0,TRAIN,13
582,1,4.0,1.0,120.33,11,25.69596,-100.18514,2.0,1.0,TRAIN,34
583,1,4.0,1.0,113.5,13,25.66215,-100.22198,2.0,1.0,TRAIN,51
329,1,4.0,3.0,71.0,13,25.70334,-100.239,3.0,2.0,TRAIN,6
575,1,4.0,1.0,99.73,13,25.6737,-100.27038,2.0,1.0,TRAIN,30
326,1,2.0,1.0,118.0,12,25.7292,-100.17807,2.0,1.0,TRAIN,54
328,1,4.0,3.0,116.0,10,25.69583,-100.23188,3.0,2.0,TRAIN,7
327,1,4.0,1.0,98.0,10,25.67151,-100.25856,2.0,1.0,TRAIN,28
878,2,4.0,1.0,111.7,12,26.03851,-98.35729,2.0,1.0,TRAIN,51
856,2,4.0,3.0,113.5595575221239,12,26.04652,-98.38172,4.0,4.0,TRAIN,13
855,2,2.0,0.0,107.2765100671141,11,26.04971,-98.31442,1.0,4.0,TRAIN,6
854,2,4.0,1.0,109.77168674698795,12,26.04082,-98.31979,2.0,1.0,TRAIN,14
848,2,4.0,1.0,109.77168674698795,12,26.09732,-98.29138,2.0,1.0,TRAIN,42
851,2,4.0,1.0,109.77168674698795,12,26.06185,-98.32044,1.0,1.0,TRAIN,7
853,2,4.0,1.0,109.77168674698795,12,25.97227,-98.29033,2.0,1.0,TRAIN,25
798,2,4.0,1.0,109.77168674698795,12,25.99222,-98.09663,2.0,4.0,TRAIN,24
802,2,4.0,0.0,107.2765100671141,11,25.9898,-98.1002,2.0,4.0,TRAIN,28
803,2,4.0,0.0,107.2765100671141,11,25.9872,-98.1074,3.0,4.0,TRAIN,23
805,2,4.0,1.0,109.77168674698795,12,26.0835,-98.33,2.0,1.0,TRAIN,41
806,2,2.0,0.0,107.2765100671141,11,26.069,-98.2719,1.0,4.0,TRAIN,2
807,2,2.0,1.0,109.77168674698795,12,26.07896,-98.33792,2.0,1.0,TRAIN,5
808,2,4.0,0.0,107.2765100671141,11,26.02103,-98.27533,2.0,4.0,TRAIN,20
809,2,4.0,1.0,109.77168674698795,12,26.03188,-98.34141,2.0,1.0,TRAIN,43
839,2,4.0,2.0,90.95,10,26.08506,-98.27164,3.0,3.0,TRAIN,18
811,2,2.0,1.0,109.77168674698795,12,26.0562,-98.3151,1.0,1.0,TRAIN,8
813,2,4.0,1.0,109.77168674698795,12,25.992,-98.114,2.0,4.0,TRAIN,18
816,2,2.0,1.0,109.77168674698795,12,26.09528,-98.28297,2.0,1.0,TRAIN,29
817,2,4.0,3.0,113.5595575221239,12,26.08866,-98.27988,3.0,3.0,TRAIN,36
819,2,4.0,0.0,107.2765100671141,11,26.0669,-98.39358,2.0,1.0,TRAIN,29
822,2,4.0,0.0,107.2765100671141,11,25.98347,-98.11129,2.0,4.0,TRAIN,15
835,2,4.0,1.0,109.77168674698795,12,26.01647,-98.25479,2.0,1.0,TRAIN,37
999,2,4.0,3.0,102.75,11,26.02147,-98.28373,0.0,3.0,TRAIN,27
988,2,4.0,1.0,101.82,12,26.03533,-98.29644,2.0,4.0,TRAIN,21
989,2,4.0,1.0,101.82,12,26.0434,-98.32001,2.0,1.0,TRAIN,16
991,2,4.0,1.0,116.98,13,26.01263,-98.24741,0.0,2.0,TRAIN,55
992,2,4.0,0.0,100.41,12,26.10101,-98.31804,2.0,2.0,TRAIN,7
993,2,2.0,1.0,113.73,12,26.06883,-98.3598,2.0,1.0,TRAIN,1
994,2,4.0,1.0,113.73,12,26.08696,-98.33805,2.0,1.0,TRAIN,36
995,2,4.0,0.0,106.6,12,26.03482,-98.40996,2.0,2.0,TRAIN,3
996,2,4.0,1.0,107.85,12,25.98884,-98.27356,2.0,1.0,TRAIN,34
997,2,4.0,1.0,101.82,12,25.99333,-98.27173,2.0,1.0,TRAIN,43
998,2,1.0,1.0,107.85,12,26.07585,-98.26928,2.0,4.0,TRAIN,6
987,2,4.0,1.0,110.0,10,26.06031,-98.32753,2.0,1.0,TRAIN,18
1001,2,4.0,1.0,101.82,12,26.01288,-98.26235,2.0,1.0,TRAIN,37
1002,2,4.0,1.0,116.9,10,26.0228,-98.28886,2.0,1.0,TRAIN,38
1003,2,4.0,1.0,112.0,12,25.9956,-98.2471,2.0,1.0,TRAIN,47
1004,2,4.0,1.0,93.52,12,26.09947,-98.32143,2.0,1.0,TRAIN,12
1005,2,4.0,1.0,98.2,12,26.06356,-98.31124,2.0,1.0,TRAIN,38
1006,2,4.0,1.0,116.9,13,26.02128,-98.25349,2.0,1.0,TRAIN,51
1007,2,4.0,1.0,114.41,12,25.98434,-98.20065,2.0,1.0,TRAIN,19
1008,2,4.0,1.0,98.8,12,26.08637,-98.32248,2.0,1.0,TRAIN,33
1009,2,4.0,1.0,103.4,12,26.0701,-98.30796,2.0,4.0,TRAIN,17
976,2,4.0,1.0,113.0,10,26.0948,-98.30479,2.0,4.0,TRAIN,11
965,2,2.0,1.0,98.0,10,25.98342,-98.10511,2.0,1.0,TRAIN,21
966,2,4.0,1.0,112.0,10,26.02126,-98.27927,2.0,1.0,TRAIN,14
967,2,4.0,1.0,129.0,10,26.00751,-98.24571,2.0,1.0,TRAIN,57
968,2,2.0,1.0,129.0,9,26.02023,-98.22689,4.0,2.0,TRAIN,8
969,2,4.0,3.0,125.0,10,26.07305,-98.2914,1.0,1.0,TRAIN,12
971,2,4.0,1.0,123.0,11,26.0366,-98.34031,2.0,1.0,TRAIN,33
972,2,4.0,3.0,121.0,10,26.07018,-98.30235,2.0,2.0,TRAIN,10
973,2,4.0,0.0,122.0,10,26.04916,-98.38596,4.0,2.0,TRAIN,12
974,2,4.0,1.0,113.0,11,26.04235,-98.37229,2.0,1.0,TRAIN,17
975,2,4.0,1.0,129.0,10,26.0282,-98.28279,2.0,1.0,TRAIN,25
1011,2,4.0,1.0,112.0,12,26.08553,-98.33515,2.0,2.0,TRAIN,47
977,2,4.0,3.0,125.0,10,26.03871,-98.28171,4.0,2.0,TRAIN,13
978,2,3.0,3.0,102.98,11,26.08548,-98.29332,4.0,2.0,TRAIN,10
979,2,3.0,1.0,115.67,12,25.98337,-98.08285,2.0,2.0,TRAIN,12
981,2,4.0,1.0,121.0,10,26.05409,-98.35069,2.0,1.0,TRAIN,19
982,2,2.0,1.0,100.0,10,26.06513,-98.31539,2.0,1.0,TRAIN,26
983,2,4.0,1.0,117.0,11,25.99992,-98.25808,2.0,1.0,TRAIN,72
984,2,4.0,1.0,116.0,10,26.06213,-98.33027,2.0,2.0,TRAIN,25
985,2,4.0,1.0,129.0,11,26.02486,-98.24565,4.0,1.0,TRAIN,32
986,2,4.0,1.0,101.82,12,26.01805,-98.26513,2.0,1.0,TRAIN,39
1046,2,4.0,1.0,109.77168674698795,12,26.09036,-98.28066,3.0,4.0,TRAIN,34
1035,2,4.0,1.0,123.69,12,26.01175,-98.28564,2.0,1.0,TRAIN,22
1036,2,4.0,1.0,119.65,12,26.09085,-98.324,2.0,1.0,TRAIN,23
1037,2,4.0,1.0,121.67,12,25.96746,-98.25733,2.0,1.0,TRAIN,16
1038,2,4.0,1.0,132.73,13,26.05081,-98.40391,0.0,1.0,TRAIN,23
1039,2,3.0,1.0,114.3,12,26.05491,-98.31887,2.0,2.0,TRAIN,8
1041,2,2.0,1.0,109.77168674698795,12,25.98343,-98.09802,2.0,1.0,TRAIN,27
1042,2,4.0,1.0,109.77168674698795,12,25.9756,-98.05814,2.0,4.0,TRAIN,8
1043,2,4.0,1.0,109.77168674698795,12,26.05884,-98.34364,2.0,3.0,TRAIN,32
1044,2,4.0,0.0,107.2765100671141,11,25.98861,-98.12478,4.0,1.0,TRAIN,7
1045,2,4.0,1.0,109.77168674698795,12,25.98755,-98.05539,2.0,1.0,TRAIN,11
1034,2,2.0,1.0,132.73,13,26.0852,-98.37643,2.0,1.0,TRAIN,11
1047,2,4.0,1.0,109.77168674698795,12,26.07928,-98.29009,1.0,1.0,TRAIN,9
1048,2,4.0,1.0,109.77168674698795,12,26.03145,-98.38466,2.0,4.0,TRAIN,54
1049,2,4.0,1.0,109.77168674698795,12,26.00607,-98.12218,2.0,1.0,TRAIN,49
1051,2,4.0,1.0,109.77168674698795,12,26.03374,-98.29404,2.0,1.0,TRAIN,25
1052,2,2.0,0.0,107.2765100671141,11,26.06517,-98.3448,4.0,1.0,TRAIN,5
1053,2,4.0,1.0,109.77168674698795,12,26.04132,-98.29259,2.0,1.0,TRAIN,17
1054,2,4.0,1.0,109.77168674698795,12,26.09605,-98.29327,2.0,1.0,TRAIN,45
1055,2,4.0,1.0,109.77168674698795,12,26.01132,-98.3814,2.0,1.0,TRAIN,16
1056,2,4.0,1.0,109.77168674698795,12,26.03571,-98.342,2.0,1.0,TRAIN,45
1023,2,2.0,1.0,121.67,12,26.05529,-98.28269,2.0,1.0,TRAIN,20
1012,2,4.0,1.0,105.2,12,26.00514,-98.25797,2.0,2.0,TRAIN,66
1013,2,4.0,1.0,111.04,12,26.05979,-98.41287,2.0,1.0,TRAIN,23
1014,2,4.0,1.0,98.8,12,26.02676,-98.27125,2.0,1.0,TRAIN,29
1015,2,4.0,1.0,116.26,13,26.02408,-98.39976,2.0,1.0,TRAIN,24
1016,2,4.0,1.0,116.9,13,25.96921,-98.26604,0.0,1.0,TRAIN,17
1017,2,3.0,1.0,116.9,13,26.04827,-98.31403,2.0,1.0,TRAIN,10
1018,2,4.0,1.0,112.0,12,26.08398,-98.30804,2.0,1.0,TRAIN,14
1019,2,4.0,1.0,122.8,12,26.03387,-98.39449,2.0,1.0,TRAIN,47
1021,2,4.0,1.0,109.77168674698795,12,25.98395,-98.19187,2.0,1.0,TRAIN,6
1022,2,4.0,1.0,112.0,12,26.07911,-98.32554,2.0,1.0,TRAIN,23
964,2,4.0,0.0,96.0,10,26.00345,-98.24709,0.0,2.0,TRAIN,66
1024,2,2.0,1.0,121.61,12,25.99884,-98.23915,2.0,1.0,TRAIN,34
1025,2,2.0,1.0,112.0,12,26.04769,-98.40773,2.0,1.0,TRAIN,19
1026,2,4.0,1.0,115.1,12,26.03266,-98.35633,2.0,1.0,TRAIN,33
1027,2,4.0,1.0,112.25,12,26.05567,-98.32805,2.0,1.0,TRAIN,16
1028,2,4.0,1.0,117.5,12,26.06235,-98.37929,2.0,1.0,TRAIN,21
1029,2,4.0,1.0,104.95,11,26.03387,-98.25722,2.0,1.0,TRAIN,22
1031,2,2.0,1.0,111.93,12,26.40193,-99.03187,2.0,1.0,TRAIN,24
1032,2,4.0,1.0,112.0,12,26.0948,-98.2772,2.0,1.0,TRAIN,21
1033,2,4.0,1.0,134.13,13,26.02971,-98.28762,2.0,1.0,TRAIN,36
906,2,5.0,1.0,80.4,8,26.08238,-98.32488,2.0,1.0,TRAIN,33
895,2,4.0,1.0,127.87,10,26.07196,-98.3496,2.0,1.0,TRAIN,10
896,2,5.0,1.0,88.38,12,26.03921,-98.351,2.0,1.0,TRAIN,38
897,2,4.0,1.0,127.0,10,26.05115,-98.34874,2.0,1.0,TRAIN,24
898,2,4.0,1.0,94.0,8,26.05933,-98.30631,2.0,2.0,TRAIN,18
899,2,3.0,3.0,98.95,12,26.07745,-98.28304,4.0,4.0,TRAIN,12
901,2,4.0,1.0,96.74,10,26.05283,-98.29934,2.0,4.0,TRAIN,19
902,2,5.0,1.0,105.0,10,26.06042,-98.31307,2.0,1.0,TRAIN,31
903,2,4.0,3.0,96.4,9,26.06081,-98.29796,4.0,1.0,TRAIN,10
904,2,4.0,1.0,102.4,9,26.18754,-98.46751,4.0,0.0,TRAIN,0
905,2,5.0,1.0,96.4,10,26.02988,-98.23728,2.0,1.0,TRAIN,30
894,2,4.0,1.0,95.08,10,26.06298,-98.33505,2.0,1.0,TRAIN,29
907,2,4.0,1.0,104.2,10,26.05555,-98.34134,2.0,1.0,TRAIN,43
908,2,5.0,1.0,105.1,10,26.04733,-98.29975,2.0,4.0,TRAIN,12
909,2,4.0,1.0,95.0,7,26.05964,-98.30874,2.0,1.0,TRAIN,24
911,2,5.0,1.0,123.4,10,26.01801,-98.24324,2.0,1.0,TRAIN,56
912,2,4.0,1.0,108.0,10,26.0085,-98.24256,2.0,1.0,TRAIN,40
913,2,4.0,1.0,98.36,10,26.05574,-98.28835,2.0,1.0,TRAIN,14
914,2,2.0,3.0,112.3,10,26.04321,-97.95335,4.0,2.0,TRAIN,3
915,2,4.0,1.0,105.74,10,26.07616,-98.28808,4.0,4.0,TRAIN,9
916,2,4.0,3.0,92.0,10,26.05247,-97.95191,4.0,1.0,TRAIN,20
917,2,4.0,1.0,214.2,10,26.06344,-98.37474,2.0,1.0,TRAIN,7
883,2,4.0,3.0,103.3,10,26.0646,-98.2845,1.0,2.0,TRAIN,8
864,2,4.0,3.0,113.5595575221239,12,26.03357,-98.26942,2.0,4.0,TRAIN,17
865,2,4.0,1.0,109.77168674698795,12,26.00448,-98.25235,2.0,1.0,TRAIN,74
866,2,4.0,3.0,113.5595575221239,12,26.03853,-98.30021,4.0,4.0,TRAIN,14
875,2,3.0,3.0,107.7,10,26.0857,-98.29232,4.0,4.0,TRAIN,11
876,2,3.0,1.0,126.0,10,26.08091,-98.27484,1.0,4.0,TRAIN,11
877,2,5.0,3.0,191.2,10,26.03791,-98.36191,2.0,1.0,TRAIN,27
2,2,4.0,1.0,109.77168674698795,12,26.04198,-98.3562,2.0,1.0,TRAIN,25
879,2,4.0,3.0,110.0,10,26.09214,-98.2756,3.0,3.0,TRAIN,26
881,2,2.0,1.0,130.0,10,26.07699,-98.277,3.0,4.0,TRAIN,6
882,2,2.0,3.0,110.0,10,26.0883,-98.27013,1.0,1.0,TRAIN,12
918,2,4.0,1.0,111.75,10,26.07442,-98.30989,2.0,1.0,TRAIN,19
884,2,4.0,0.0,122.54,8,26.0896,-98.27616,3.0,3.0,TRAIN,32
885,2,2.0,3.0,110.15,10,25.98226,-98.09069,3.0,3.0,TRAIN,7
886,2,3.0,0.0,94.3,10,26.06934,-98.29477,1.0,4.0,TRAIN,10
887,2,4.0,3.0,188.99,16,26.05794,-98.29427,3.0,4.0,TRAIN,14
888,2,4.0,1.0,121.0,10,26.06334,-98.28745,2.0,4.0,TRAIN,11
889,2,3.0,1.0,133.0,10,26.07191,-98.27563,2.0,1.0,TRAIN,2
891,2,4.0,1.0,113.17,12,25.97946,-98.06868,2.0,2.0,TRAIN,15
892,2,4.0,1.0,110.0,10,26.0774,-98.29348,2.0,1.0,TRAIN,15
893,2,3.0,1.0,124.68,10,26.08725,-98.30295,2.0,4.0,TRAIN,11
953,2,4.0,1.0,98.0,10,26.08276,-98.28998,2.0,1.0,TRAIN,13
942,2,4.0,3.0,130.0,12,25.9883,-98.11208,4.0,2.0,TRAIN,22
943,2,4.0,1.0,115.0,12,26.05403,-98.38253,2.0,1.0,TRAIN,22
944,2,4.0,1.0,120.0,10,25.99662,-98.06202,2.0,1.0,TRAIN,25
945,2,4.0,1.0,130.0,12,25.98966,-98.08214,2.0,1.0,TRAIN,25
946,2,4.0,1.0,146.0,10,26.03574,-98.39134,2.0,1.0,TRAIN,62
947,2,4.0,1.0,112.0,10,26.0662,-98.267,2.0,1.0,TRAIN,11
948,2,4.0,1.0,117.0,11,26.05154,-98.41472,2.0,1.0,TRAIN,17
949,2,4.0,3.0,107.0,10,26.06029,-98.24792,2.0,2.0,TRAIN,1
951,2,4.0,3.0,130.0,12,26.08338,-98.30352,3.0,3.0,TRAIN,15
952,2,4.0,3.0,130.0,10,26.04772,-98.30035,2.0,2.0,TRAIN,13
941,2,4.0,1.0,122.0,11,26.00379,-98.25312,2.0,1.0,TRAIN,73
954,2,4.0,1.0,116.25,12,26.06715,-98.32452,2.0,1.0,TRAIN,13
955,2,4.0,1.0,117.0,11,26.00686,-98.06271,0.0,1.0,TRAIN,35
956,2,4.0,3.0,121.0,10,25.98349,-98.08468,2.0,1.0,TRAIN,9
957,2,4.0,1.0,145.0,10,26.03575,-98.3799,2.0,1.0,TRAIN,35
958,2,5.0,3.0,125.0,10,25.99809,-98.08917,4.0,1.0,TRAIN,19
959,2,2.0,3.0,118.0,11,26.06102,-98.29517,1.0,4.0,TRAIN,10
961,2,4.0,3.0,109.0,11,26.23095,-98.66727,4.0,0.0,TRAIN,3
962,2,4.0,1.0,136.0,10,26.02219,-98.27036,2.0,1.0,TRAIN,35
963,2,4.0,3.0,132.0,11,26.06109,-98.35409,2.0,1.0,TRAIN,2
919,2,3.0,1.0,100.0,10,26.05088,-98.32233,2.0,1.0,TRAIN,14
921,2,4.0,3.0,132.0,10,26.00836,-98.20679,4.0,2.0,TRAIN,2
922,2,4.0,1.0,143.18,13,26.0662,-98.34108,2.0,4.0,TRAIN,7
923,2,4.0,3.0,96.36,12,26.08281,-98.28388,3.0,1.0,TRAIN,18
924,2,4.0,1.0,105.26,12,26.06088,-98.28161,2.0,1.0,TRAIN,11
925,2,0.0,1.0,77.05,10,26.05698,-98.31215,2.0,1.0,TRAIN,15
926,2,4.0,3.0,117.23,10,26.0284,-98.43882,4.0,0.0,TRAIN,0
927,2,4.0,3.0,135.13,12,25.92283,-98.26913,4.0,0.0,TRAIN,0
928,2,3.0,3.0,112.0,12,26.39945,-99.02597,3.0,3.0,TRAIN,31
929,2,4.0,1.0,83.07,10,25.99169,-98.07486,2.0,1.0,TRAIN,31
931,2,4.0,1.0,113.5595575221239,14,26.04801,-98.37562,2.0,1.0,TRAIN,11
932,2,4.0,3.0,114.0,14,26.38915,-99.0183,1.0,0.0,TRAIN,4
933,2,4.0,1.0,161.93,11,26.06831,-98.305,2.0,1.0,TRAIN,15
934,2,4.0,1.0,124.0,10,26.05878,-98.29961,2.0,4.0,TRAIN,15
935,2,4.0,1.0,89.4,13,25.99116,-98.09066,2.0,1.0,TRAIN,27
936,2,4.0,3.0,152.0,12,26.08377,-98.30029,1.0,4.0,TRAIN,13
937,2,4.0,0.0,110.0,6,26.23352,-98.59779,2.0,2.0,TRAIN,25
938,2,4.0,0.0,75.0,12,26.39773,-99.03788,2.0,2.0,TRAIN,13
939,2,4.0,3.0,132.0,12,26.02647,-98.44417,4.0,0.0,TRAIN,0
1,2,4.0,1.0,131.5,13,26.00177,-98.24284,2.0,1.0,TRAIN,50
19,2,4.0,1.0,109.77168674698795,12,25.9944,-98.11901,2.0,1.0,TRAIN,10
18,2,4.0,1.0,109.77168674698795,12,26.05197,-98.28736,2.0,1.0,TRAIN,21
17,2,4.0,0.0,109.77168674698795,12,26.05687,-98.36383,4.0,4.0,TRAIN,3
16,2,4.0,1.0,107.2765100671141,11,26.02393,-98.34394,2.0,1.0,TRAIN,42
15,2,4.0,3.0,109.77168674698795,12,26.04645,-98.32298,2.0,0.0,TRAIN,4
14,2,4.0,3.0,113.5595575221239,12,26.21178,-98.5901,4.0,0.0,TRAIN,12
13,2,4.0,0.0,113.5595575221239,12,25.98686,-98.09433,3.0,4.0,TRAIN,21
12,2,4.0,1.0,107.2765100671141,11,25.99668,-98.26116,2.0,1.0,TRAIN,42
11,2,4.0,1.0,109.77168674698795,12,26.00828,-98.40705,2.0,1.0,TRAIN,32
8,2,4.0,0.0,109.77168674698795,12,26.04768,-98.2894,2.0,4.0,TRAIN,11
3,2,4.0,1.0,107.2765100671141,11,26.02464,-98.26098,2.0,1.0,TRAIN,38
4,2,0.0,1.0,109.77168674698795,12,26.04326,-98.23851,2.0,1.0,TRAIN,39
5,2,4.0,1.0,109.77168674698795,12,26.06397,-98.26165,2.0,1.0,TRAIN,31
7,2,4.0,1.0,109.77168674698795,12,26.08957,-98.33238,2.0,1.0,TRAIN,31
9,2,4.0,1.0,109.77168674698795,12,26.01405,-98.39384,2.0,1.0,TRAIN,18
6,2,4.0,1.0,109.77168674698795,12,26.02745,-98.35609,2.0,1.0,TRAIN,15
236,3,2.0,1.0,109.77168674698795,12,25.60325,-100.25761,2.0,1.0,TRAIN,2
345,3,0.0,1.0,130.0,10,25.64527,-100.37938,1.0,4.0,TRAIN,0
204,3,1.0,0.0,97.5,12,25.65211,-100.37786,3.0,4.0,TRAIN,6
214,3,3.0,3.0,122.4,11,25.66708,-100.2804,3.0,2.0,TRAIN,17
846,3,2.0,1.0,127.36,10,25.65985,-100.34713,3.0,1.0,TRAIN,0
841,3,2.0,1.0,85.22,10,25.58732,-100.27536,2.0,1.0,TRAIN,0
221,3,1.0,3.0,109.77168674698795,12,25.65854,-100.35639,3.0,4.0,TRAIN,9
222,3,1.0,3.0,168.4,9,25.6544,-100.29456,3.0,1.0,TRAIN,5
827,3,2.0,0.0,112.0,12,25.52392,-100.20669,2.0,4.0,TRAIN,5
234,3,0.0,3.0,107.2765100671141,12,25.65389,-100.34217,4.0,1.0,TRAIN,3
246,3,2.0,0.0,111.14,14,25.64233,-100.27841,1.0,4.0,TRAIN,5
167,3,3.0,1.0,100.57,8,25.64782,-100.27427,1.0,2.0,TRAIN,4
237,3,2.0,1.0,109.77168674698795,12,25.64791,-100.29759,1.0,1.0,TRAIN,6
804,3,2.0,1.0,127.64,13,25.54712,-100.23021,2.0,1.0,TRAIN,0
243,3,1.0,3.0,109.77168674698795,11,25.63751,-100.31216,4.0,2.0,TRAIN,28
242,3,3.0,3.0,149.7,8,25.65538,-100.29421,3.0,2.0,TRAIN,4
241,3,3.0,3.0,113.5595575221239,10,25.67252,-100.35968,3.0,4.0,TRAIN,1
178,3,1.0,0.0,97.31,11,25.66035,-100.38279,3.0,4.0,TRAIN,3
207,3,1.0,0.0,103.6,10,25.65248,-100.36226,3.0,4.0,TRAIN,4
169,3,1.0,0.0,93.6,10,25.65122,-100.33959,3.0,1.0,TRAIN,10
171,3,1.0,1.0,119.3,10,25.66523,-100.34199,1.0,3.0,TRAIN,2
173,3,1.0,1.0,110.1,8,25.6217,-100.29776,2.0,1.0,TRAIN,5
174,3,1.0,1.0,99.0,12,25.62244,-100.28191,2.0,1.0,TRAIN,5
175,3,3.0,0.0,109.77168674698795,12,25.64811,-100.32974,4.0,2.0,TRAIN,1
176,3,1.0,1.0,136.0,10,25.63944,-100.27006,1.0,3.0,TRAIN,7
177,3,3.0,0.0,109.77168674698795,12,25.64667,-100.29488,1.0,1.0,TRAIN,8
507,3,4.0,1.0,107.2765100671141,13,25.65665,-100.26909,2.0,1.0,TRAIN,31
179,3,1.0,1.0,107.8,11,25.60124,-100.26406,1.0,1.0,TRAIN,6
181,3,1.0,1.0,109.77168674698795,12,25.6296,-100.27825,1.0,4.0,TRAIN,16
184,3,1.0,1.0,105.65,11,25.62076,-100.28546,1.0,1.0,TRAIN,2
185,3,1.0,3.0,109.77168674698795,12,25.66474,-100.38099,4.0,4.0,TRAIN,4
349,3,1.0,0.0,106.96,10,25.65609,-100.33998,4.0,1.0,TRAIN,2
504,3,2.0,1.0,107.2765100671141,13,25.62039,-100.28323,1.0,4.0,TRAIN,7
196,3,3.0,3.0,109.77168674698795,12,25.56563,-100.23929,4.0,0.0,TRAIN,4
284,3,4.0,3.0,113.5595575221239,18,25.53601,-100.21905,4.0,0.0,TRAIN,3
725,3,4.0,1.0,124.6,12,25.66995,-100.27144,2.0,1.0,TRAIN,23
316,3,2.0,0.0,109.77168674698795,9,25.65519,-100.35268,3.0,4.0,TRAIN,6
271,3,3.0,1.0,98.0,13,25.63876,-100.38256,1.0,4.0,TRAIN,0
311,3,4.0,3.0,117.2,10,25.59757,-100.26299,4.0,0.0,TRAIN,3
604,3,4.0,1.0,101.0,13,25.62711,-100.28613,2.0,1.0,TRAIN,63
274,3,4.0,3.0,109.77168674698795,14,25.56632,-100.23881,4.0,2.0,TRAIN,3
276,3,3.0,3.0,105.3,17,25.66113,-100.39875,4.0,4.0,TRAIN,11
309,3,2.0,3.0,109.82,14,25.65671,-100.36253,4.0,1.0,TRAIN,6
308,3,1.0,1.0,77.0,12,25.64252,-100.33347,1.0,4.0,TRAIN,1
584,3,4.0,1.0,112.5,13,25.66242,-100.29553,2.0,1.0,TRAIN,24
287,3,1.0,0.0,109.77168674698795,17,25.58131,-100.25847,1.0,1.0,TRAIN,3
656,3,4.0,0.0,105.34,11,25.66196,-100.31357,4.0,2.0,TRAIN,21
629,3,4.0,1.0,107.2765100671141,11,25.6821,-100.41138,2.0,1.0,TRAIN,46
295,3,4.0,3.0,109.77168674698795,16,25.65979,-100.39622,3.0,4.0,TRAIN,12
303,3,2.0,0.0,108.0,12,25.65706,-100.38443,3.0,4.0,TRAIN,5
638,3,4.0,3.0,88.0,10,25.66655,-100.27964,4.0,4.0,TRAIN,19
567,3,2.0,0.0,113.5595575221239,13,25.64856,-100.3572,4.0,3.0,TRAIN,3
553,3,2.0,0.0,107.2765100671141,13,25.62432,-100.29972,2.0,4.0,TRAIN,5
554,3,4.0,3.0,107.2765100671141,11,25.65033,-100.3553,3.0,1.0,TRAIN,1
774,3,4.0,3.0,113.5595575221239,12,25.53083,-100.21282,2.0,4.0,TRAIN,2
251,3,4.0,3.0,113.5595575221239,14,25.66742,-100.28471,4.0,4.0,TRAIN,12
252,3,2.0,3.0,110.94,15,25.6321,-100.27243,3.0,4.0,TRAIN,2
338,3,4.0,1.0,120.8,10,25.61578,-100.27783,1.0,4.0,TRAIN,5
337,3,4.0,1.0,99.0,10,25.66014,-100.28657,2.0,1.0,TRAIN,12
336,3,4.0,0.0,107.2765100671141,10,25.63963,-100.28821,1.0,4.0,TRAIN,11
341,3,4.0,0.0,105.0,10,25.66711,-100.29076,2.0,4.0,TRAIN,10
258,3,5.0,1.0,81.0,12,25.58928,-100.25288,2.0,1.0,TRAIN,3
752,3,2.0,0.0,101.0,11,25.6614,-100.40051,0.0,4.0,TRAIN,12
333,3,0.0,1.0,169.49,10,25.57929,-100.2484,1.0,1.0,TRAIN,8
577,3,4.0,0.0,124.0,13,25.5977,-100.25362,2.0,1.0,TRAIN,2
261,3,4.0,0.0,107.2765100671141,11,25.66352,-100.40939,2.0,1.0,TRAIN,20
262,3,3.0,3.0,112.38,14,25.65916,-100.36804,4.0,3.0,TRAIN,4
331,3,3.0,3.0,122.83,10,25.67091,-100.39667,4.0,2.0,TRAIN,11
452,3,4.0,0.0,74.0,13,25.62589,-100.27324,1.0,2.0,TRAIN,6
429,3,4.0,0.0,107.2765100671141,13,25.66419,-100.33111,3.0,4.0,TRAIN,24
408,3,4.0,1.0,107.2765100671141,15,25.60873,-100.26883,2.0,1.0,TRAIN,12
132,3,3.0,1.0,108.84,11,25.64953,-100.384,3.0,1.0,TRAIN,5
413,3,4.0,0.0,107.67,11,25.62891,-100.29645,4.0,2.0,TRAIN,39
435,3,4.0,1.0,92.17,13,25.65787,-100.40572,2.0,1.0,TRAIN,15
442,3,4.0,1.0,87.28,13,25.65022,-100.2928,4.0,3.0,TRAIN,5
436,3,3.0,1.0,109.77168674698795,13,25.54982,-100.22381,1.0,4.0,TRAIN,3
122,3,1.0,0.0,109.77168674698795,12,25.60406,-100.2678,2.0,1.0,TRAIN,9
121,3,3.0,1.0,107.2765100671141,10,25.64548,-100.29303,1.0,1.0,TRAIN,6
414,3,4.0,1.0,81.61,12,25.57829,-100.24148,2.0,4.0,TRAIN,17
443,3,0.0,1.0,96.49,13,25.65795,-100.43849,2.0,1.0,TRAIN,7
119,3,3.0,1.0,109.77168674698795,12,25.65988,-100.29136,1.0,1.0,TRAIN,13
424,3,2.0,1.0,109.77168674698795,12,25.6241,-100.29509,2.0,1.0,TRAIN,8
375,3,4.0,0.0,110.5,10,25.58959,-100.24934,2.0,2.0,TRAIN,27
118,3,4.0,1.0,82.99,10,25.608,-100.27007,1.0,1.0,TRAIN,15
116,3,3.0,1.0,112.38,10,25.65226,-100.2795,2.0,1.0,TRAIN,12
113,3,1.0,1.0,71.5,12,25.6422,-100.27802,1.0,4.0,TRAIN,5
419,3,1.0,1.0,105.58,12,25.65289,-100.34605,3.0,4.0,TRAIN,0
165,3,4.0,0.0,115.76,13,25.65304,-100.28399,1.0,2.0,TRAIN,7
367,3,4.0,3.0,107.2765100671141,10,25.64841,-100.28547,1.0,4.0,TRAIN,5
143,3,3.0,1.0,113.5595575221239,9,25.62531,-100.29113,1.0,1.0,TRAIN,27
161,3,3.0,0.0,109.77168674698795,9,25.66865,-100.40311,3.0,4.0,TRAIN,18
159,3,3.0,1.0,75.6,12,25.66725,-100.27725,2.0,1.0,TRAIN,19
158,3,1.0,1.0,109.77168674698795,12,25.64524,-100.27484,1.0,4.0,TRAIN,6
157,3,1.0,0.0,109.77168674698795,14,25.63502,-100.36374,4.0,4.0,TRAIN,1
162,3,5.0,0.0,108.0,10,25.6743,-100.40425,3.0,2.0,TRAIN,19
154,3,3.0,0.0,126.0,11,25.67178,-100.28287,3.0,1.0,TRAIN,4
151,3,1.0,1.0,81.97,12,25.62241,-100.28827,2.0,1.0,TRAIN,2
149,3,1.0,0.0,109.77168674698795,13,25.60031,-100.26577,2.0,1.0,TRAIN,7
148,3,1.0,0.0,107.2765100671141,12,25.62791,-100.36239,1.0,1.0,TRAIN,0
391,3,3.0,0.0,90.06,8,25.65676,-100.38827,3.0,4.0,TRAIN,3
147,3,3.0,0.0,70.85,12,25.65384,-100.28962,3.0,3.0,TRAIN,5
146,3,0.0,0.0,107.2765100671141,12,25.65478,-100.38306,3.0,4.0,TRAIN,7
472,3,2.0,3.0,84.02,13,25.65847,-100.36536,4.0,3.0,TRAIN,8
471,3,2.0,0.0,113.5595575221239,13,25.65677,-100.33659,4.0,1.0,TRAIN,0
139,3,1.0,1.0,107.2765100671141,10,25.63525,-100.37125,1.0,1.0,TRAIN,1
138,3,1.0,3.0,129.6,10,25.65744,-100.36574,3.0,4.0,TRAIN,7
396,3,1.0,3.0,114.4,12,25.56043,-100.232,1.0,4.0,TRAIN,1
134,3,1.0,3.0,112.95,10,25.66256,-100.36801,3.0,4.0,TRAIN,4
445,3,4.0,0.0,115.2,13,25.65845,-100.28419,3.0,4.0,TRAIN,9
133,3,4.0,3.0,107.2765100671141,12,25.66034,-100.28202,1.0,4.0,TRAIN,11
444,3,6.0,1.0,114.67,13,25.5866,-100.24493,2.0,1.0,TRAIN,27
692,4,4.0,1.0,109.77168674698795,12,25.64549,-100.15797,2.0,1.0,TRAIN,11
697,4,4.0,0.0,109.77168674698795,12,25.64114,-100.15849,2.0,4.0,TRAIN,7
701,4,4.0,0.0,107.2765100671141,13,25.66395,-100.15029,2.0,4.0,TRAIN,13
695,4,4.0,1.0,97.88,11,25.64133,-100.06171,2.0,1.0,TRAIN,30
693,4,4.0,1.0,109.77168674698795,12,25.68688,-100.09822,4.0,1.0,TRAIN,25
52,4,4.0,0.0,109.77168674698795,12,25.65314,-100.1115,4.0,2.0,TRAIN,21
709,4,4.0,0.0,104.08,11,25.64914,-100.16257,4.0,2.0,TRAIN,22
56,4,6.0,1.0,107.2765100671141,12,25.67128,-100.08602,2.0,1.0,TRAIN,14
711,4,4.0,1.0,98.35,13,25.68007,-100.16831,2.0,1.0,TRAIN,24
712,4,2.0,0.0,97.84,11,25.63907,-100.14898,2.0,4.0,TRAIN,19
267,4,4.0,0.0,107.2765100671141,12,25.67022,-100.18105,2.0,1.0,TRAIN,32
717,4,4.0,1.0,118.0,14,25.637,-100.1251,2.0,1.0,TRAIN,52
727,4,4.0,1.0,110.99,12,25.64184,-100.10777,2.0,1.0,TRAIN,32
728,4,4.0,1.0,109.77168674698795,13,25.66763,-100.18443,2.0,1.0,TRAIN,42
264,4,4.0,0.0,94.59,13,25.68144,-100.16911,2.0,1.0,TRAIN,22
763,4,4.0,0.0,117.0,12,25.62994,-100.17502,2.0,2.0,TRAIN,25
286,4,5.0,3.0,107.2765100671141,10,25.65147,-100.10713,4.0,2.0,TRAIN,20
641,4,4.0,3.0,106.0,13,25.66455,-100.15575,3.0,3.0,TRAIN,8
643,4,4.0,1.0,88.39,13,25.65151,-100.18677,2.0,1.0,TRAIN,20
297,4,4.0,1.0,117.03,11,25.63888,-100.17997,2.0,1.0,TRAIN,41
645,4,4.0,1.0,83.0,13,25.66766,-100.2033,2.0,1.0,TRAIN,40
649,4,4.0,1.0,107.67,13,25.68285,-100.16291,2.0,1.0,TRAIN,31
294,4,5.0,1.0,96.12,10,25.65195,-100.08189,3.0,0.0,TRAIN,65
293,4,5.0,0.0,100.0,10,25.64159,-100.09377,4.0,0.0,TRAIN,7
655,4,4.0,1.0,103.0,11,25.64333,-100.13593,2.0,1.0,TRAIN,25
657,4,4.0,0.0,109.77168674698795,12,25.62437,-100.06568,4.0,4.0,TRAIN,0
658,4,4.0,0.0,107.2765100671141,11,25.64325,-100.09237,4.0,4.0,TRAIN,6
32,4,4.0,1.0,107.2765100671141,9,25.66615,-100.13315,2.0,1.0,TRAIN,35
665,4,4.0,1.0,83.92,13,25.66052,-100.18487,2.0,1.0,TRAIN,26
691,4,4.0,1.0,120.91,13,25.66351,-100.17908,2.0,1.0,TRAIN,23
672,4,4.0,0.0,119.33,12,25.64168,-100.08912,4.0,2.0,TRAIN,14
673,4,4.0,0.0,107.2765100671141,13,25.64503,-100.17097,2.0,4.0,TRAIN,14
278,4,4.0,1.0,111.41,12,25.65557,-100.08114,2.0,0.0,TRAIN,60
37,4,6.0,1.0,112.52,12,25.61395,-100.17367,2.0,1.0,TRAIN,39
43,4,5.0,1.0,109.93,12,25.61009,-100.15445,2.0,1.0,TRAIN,45
44,4,5.0,1.0,109.77168674698795,12,25.61295,-100.15086,2.0,1.0,TRAIN,49
685,4,4.0,0.0,93.28,11,25.62251,-100.11564,4.0,4.0,TRAIN,23
687,4,4.0,1.0,107.2765100671141,13,25.66008,-100.20738,2.0,1.0,TRAIN,51
688,4,4.0,0.0,135.12,13,25.66385,-100.16292,2.0,4.0,TRAIN,19
689,4,4.0,1.0,114.99,13,25.6576,-100.19825,2.0,1.0,TRAIN,47
45,4,5.0,1.0,124.11,14,25.60885,-100.15186,2.0,1.0,TRAIN,49
842,4,4.0,1.0,95.22,12,25.66859,-100.20566,2.0,1.0,TRAIN,39
249,4,6.0,0.0,86.38,10,25.64624,-100.09664,4.0,2.0,TRAIN,17
101,4,4.0,1.0,110.0,13,25.6252,-100.11314,2.0,1.0,TRAIN,28
794,4,4.0,1.0,109.77168674698795,14,25.62578,-100.10845,2.0,1.0,TRAIN,24
104,4,4.0,1.0,108.38,13,25.66592,-100.09583,2.0,1.0,TRAIN,33
109,4,2.0,1.0,109.77168674698795,13,25.6497,-100.07945,2.0,1.0,TRAIN,51
238,4,4.0,1.0,109.77168674698795,12,25.67126,-100.15907,2.0,1.0,TRAIN,27
112,4,2.0,0.0,125.16,13,25.63771,-100.14633,2.0,4.0,TRAIN,18
233,4,4.0,0.0,107.2765100671141,13,25.6675,-100.17705,3.0,2.0,TRAIN,20
812,4,4.0,1.0,102.97,14,25.63369,-100.08873,2.0,1.0,TRAIN,39
225,4,6.0,0.0,106.61,10,25.65933,-100.1462,2.0,2.0,TRAIN,20
825,4,4.0,1.0,118.72,13,25.621,-100.1357,2.0,1.0,TRAIN,43
788,4,4.0,1.0,115.45,14,25.62279,-100.14207,2.0,1.0,TRAIN,31
845,4,4.0,1.0,102.92,14,25.6792,-100.179,2.0,1.0,TRAIN,7
128,4,3.0,0.0,106.03,10,25.65119,-100.19772,2.0,1.0,TRAIN,27
216,4,4.0,1.0,95.54,12,25.62346,-100.17471,2.0,1.0,TRAIN,60
724,4,4.0,1.0,130.4,13,25.63517,-100.18604,2.0,1.0,TRAIN,39
861,4,4.0,0.0,109.77168674698795,12,25.69839,-100.11424,2.0,1.0,TRAIN,23
862,4,4.0,1.0,107.2765100671141,11,25.64401,-100.14872,2.0,1.0,TRAIN,29
868,4,4.0,1.0,109.77168674698795,12,25.64498,-100.10663,0.0,1.0,TRAIN,46
198,4,3.0,0.0,109.77168674698795,10,25.64738,-100.09982,2.0,4.0,TRAIN,22
163,4,4.0,0.0,118.0,12,25.64966,-100.18897,2.0,2.0,TRAIN,24
759,4,4.0,1.0,114.24,12,25.61631,-100.13266,2.0,1.0,TRAIN,41
63,4,6.0,1.0,109.77168674698795,12,25.66645,-100.10365,2.0,1.0,TRAIN,64
263,4,4.0,1.0,108.53,13,25.67809,-100.16256,2.0,1.0,TRAIN,37
67,4,4.0,3.0,144.12,12,25.67955,-100.11205,4.0,0.0,TRAIN,3
741,4,4.0,1.0,97.71,11,25.6503,-100.09787,2.0,1.0,TRAIN,21
68,4,6.0,1.0,109.77168674698795,13,25.64911,-100.1431,2.0,2.0,TRAIN,33
751,4,4.0,1.0,102.87,11,25.68108,-100.07976,2.0,1.0,TRAIN,39
69,4,4.0,1.0,109.77168674698795,12,25.61119,-100.17794,2.0,1.0,TRAIN,33
257,4,4.0,1.0,101.82,12,25.66678,-100.16033,2.0,1.0,TRAIN,26
755,4,4.0,1.0,106.0,11,25.6718,-100.07631,0.0,1.0,TRAIN,43
756,4,4.0,1.0,109.77168674698795,12,25.63392,-100.12148,2.0,1.0,TRAIN,26
758,4,4.0,0.0,109.77168674698795,12,25.62464,-100.11749,4.0,2.0,TRAIN,20
76,4,5.0,1.0,107.2765100671141,13,25.6064,-100.16801,2.0,1.0,TRAIN,23
62,4,5.0,0.0,109.21,12,25.64195,-100.11259,2.0,1.0,TRAIN,42
762,4,4.0,1.0,85.25,10,25.6793,-100.09175,2.0,1.0,TRAIN,44
256,4,4.0,1.0,109.77168674698795,10,25.65545,-100.12373,2.0,4.0,TRAIN,14
78,4,5.0,1.0,95.0,13,25.68897,-100.11577,2.0,1.0,TRAIN,28
85,4,4.0,3.0,115.44,14,25.64717,-100.09112,3.0,1.0,TRAIN,14
776,4,4.0,1.0,116.98,12,25.61936,-100.12416,3.0,1.0,TRAIN,42
86,4,4.0,1.0,109.77168674698795,12,25.68957,-100.11101,2.0,1.0,TRAIN,35
89,4,2.0,1.0,116.12,12,25.64365,-100.08587,2.0,1.0,TRAIN,14
778,4,4.0,0.0,115.77,12,25.64885,-100.08403,0.0,4.0,TRAIN,43
781,4,4.0,1.0,107.2765100671141,13,25.6386,-100.1923,2.0,1.0,TRAIN,44
96,4,4.0,0.0,89.47,11,25.64882,-100.11601,2.0,1.0,TRAIN,31
782,4,4.0,1.0,92.45,11,25.6037,-100.1814,0.0,1.0,TRAIN,24
787,4,4.0,1.0,109.77168674698795,12,25.61143,-100.14326,0.0,1.0,TRAIN,41
476,4,4.0,0.0,109.77168674698795,13,25.65174,-100.16009,2.0,2.0,TRAIN,27
573,4,4.0,1.0,97.14,13,25.61552,-100.15421,2.0,1.0,TRAIN,34
491,4,2.0,1.0,109.77168674698795,13,25.61903,-100.14562,2.0,1.0,TRAIN,57
576,4,4.0,1.0,109.77168674698795,12,25.65319,-100.20294,2.0,1.0,TRAIN,49
489,4,2.0,1.0,110.74,13,25.63466,-100.15852,2.0,4.0,TRAIN,6
578,4,4.0,1.0,109.77168674698795,13,25.60816,-100.16515,2.0,1.0,TRAIN,37
488,4,2.0,1.0,109.77168674698795,13,25.61455,-100.17592,2.0,1.0,TRAIN,44
487,4,2.0,1.0,109.77168674698795,13,25.63661,-100.17872,2.0,1.0,TRAIN,37
354,4,4.0,0.0,109.77168674698795,10,25.65599,-100.18227,3.0,2.0,TRAIN,14
579,4,4.0,1.0,101.0,11,25.66445,-100.1007,2.0,1.0,TRAIN,64
478,4,4.0,1.0,109.77168674698795,11,25.63906,-100.18691,2.0,1.0,TRAIN,60
477,4,4.0,1.0,78.49,13,25.69536,-100.117,2.0,1.0,TRAIN,18
569,4,4.0,3.0,109.77168674698795,13,25.62041,-100.10528,4.0,0.0,TRAIN,2
325,4,4.0,1.0,113.5595575221239,10,25.68066,-100.1747,2.0,1.0,TRAIN,9
586,4,4.0,0.0,103.0,12,25.6606,-100.15012,1.0,4.0,TRAIN,21
323,4,4.0,1.0,102.14,11,25.65474,-100.19161,2.0,1.0,TRAIN,27
357,4,4.0,1.0,103.0,13,25.64439,-100.18586,2.0,2.0,TRAIN,33
469,4,4.0,0.0,99.48,13,25.67482,-100.19868,4.0,1.0,TRAIN,19
589,4,4.0,1.0,110.53,13,25.63988,-100.19627,2.0,1.0,TRAIN,21
466,4,4.0,1.0,107.21,11,25.65171,-100.19697,2.0,1.0,TRAIN,25
463,4,5.0,1.0,77.01,13,25.66278,-100.17165,2.0,1.0,TRAIN,29
592,4,4.0,1.0,117.62,13,25.64027,-100.20374,2.0,1.0,TRAIN,24
454,4,4.0,1.0,104.63,13,25.68396,-100.17319,2.0,1.0,TRAIN,8
313,4,4.0,1.0,133.34,13,25.66092,-100.1955,2.0,1.0,TRAIN,43
342,4,4.0,1.0,101.0,10,25.65693,-100.17219,2.0,1.0,TRAIN,40
343,4,4.0,1.0,90.0,11,25.6585,-100.1898,2.0,1.0,TRAIN,42
542,4,2.0,1.0,113.0,13,25.6263,-100.09652,2.0,1.0,TRAIN,43
543,4,2.0,1.0,109.77168674698795,13,25.65013,-100.07336,2.0,1.0,TRAIN,41
544,4,2.0,1.0,109.77168674698795,13,25.64653,-100.06443,2.0,4.0,TRAIN,21
532,4,2.0,1.0,109.77168674698795,13,25.68988,-100.10206,0.0,1.0,TRAIN,30
531,4,4.0,1.0,109.77168674698795,13,25.66834,-100.20095,2.0,1.0,TRAIN,36
546,4,2.0,1.0,119.0,13,25.62223,-100.09129,2.0,1.0,TRAIN,41
547,4,2.0,0.0,109.77168674698795,13,25.66161,-100.14385,2.0,4.0,TRAIN,21
529,4,2.0,1.0,107.2765100671141,13,25.64248,-100.1225,2.0,1.0,TRAIN,42
527,4,2.0,1.0,109.77168674698795,13,25.64268,-100.10129,2.0,1.0,TRAIN,25
524,4,2.0,1.0,109.77168674698795,13,25.64402,-100.05898,2.0,1.0,TRAIN,59
551,4,4.0,1.0,109.77168674698795,13,25.66131,-100.10421,2.0,1.0,TRAIN,43
301,4,4.0,1.0,109.77168674698795,10,25.64824,-100.1831,2.0,1.0,TRAIN,7
552,4,4.0,1.0,120.0,13,25.62981,-100.09465,2.0,1.0,TRAIN,43
344,4,4.0,1.0,109.77168674698795,10,25.65219,-100.20159,2.0,4.0,TRAIN,47
517,4,2.0,1.0,113.11,13,25.68302,-100.0874,2.0,1.0,TRAIN,48
515,4,2.0,1.0,109.77168674698795,13,25.63215,-100.09914,2.0,4.0,TRAIN,40
558,4,4.0,1.0,109.77168674698795,13,25.66055,-100.15006,2.0,1.0,TRAIN,21
561,4,4.0,1.0,108.4,13,25.66779,-100.1394,2.0,1.0,TRAIN,46
508,4,2.0,1.0,117.26,13,25.61912,-100.12962,2.0,1.0,TRAIN,38
335,4,4.0,1.0,109.77168674698795,13,25.68401,-100.17951,2.0,1.0,TRAIN,8
565,4,4.0,1.0,119.72,13,25.66704,-100.10666,2.0,1.0,TRAIN,62
347,4,5.0,1.0,109.77168674698795,10,25.62776,-100.15437,2.0,1.0,TRAIN,22
505,4,2.0,0.0,118.0,13,25.61653,-100.14059,2.0,1.0,TRAIN,51
566,4,4.0,1.0,107.2765100671141,13,25.61549,-100.16955,2.0,1.0,TRAIN,39
499,4,2.0,1.0,109.77168674698795,13,25.61784,-100.17803,2.0,1.0,TRAIN,55
378,4,4.0,1.0,109.77168674698795,13,25.63521,-100.19571,2.0,1.0,TRAIN,16
613,4,4.0,1.0,101.61,13,25.66542,-100.12747,2.0,1.0,TRAIN,38
377,4,4.0,0.0,109.77168674698795,12,25.67398,-100.19056,3.0,2.0,TRAIN,13
624,4,4.0,1.0,101.92,11,25.63117,-100.10429,2.0,1.0,TRAIN,44
609,4,4.0,1.0,109.77168674698795,13,25.6568,-100.20271,2.0,1.0,TRAIN,55
625,4,4.0,1.0,112.76,12,25.62271,-100.12389,0.0,1.0,TRAIN,35
437,4,6.0,1.0,109.77168674698795,13,25.6505,-100.19497,2.0,1.0,TRAIN,26
607,4,4.0,0.0,132.58,13,25.65072,-100.17396,2.0,4.0,TRAIN,16
405,4,4.0,0.0,113.87,13,25.67513,-100.19265,3.0,2.0,TRAIN,12
606,4,4.0,1.0,114.35,13,25.66378,-100.12145,2.0,1.0,TRAIN,26
614,4,4.0,1.0,109.77168674698795,12,25.69467,-100.10876,2.0,1.0,TRAIN,44
628,4,4.0,1.0,109.77168674698795,12,25.62308,-100.11947,2.0,1.0,TRAIN,19
602,4,4.0,1.0,109.77168674698795,12,25.64834,-100.20994,2.0,1.0,TRAIN,51
632,4,4.0,1.0,119.59,12,25.67265,-100.10799,2.0,1.0,TRAIN,39
601,4,4.0,1.0,109.77168674698795,13,25.6537,-100.15693,2.0,1.0,TRAIN,28
379,4,4.0,1.0,115.58,12,25.66388,-100.20391,2.0,4.0,TRAIN,59
637,4,4.0,1.0,84.9,10,25.66896,-100.1318,2.0,1.0,TRAIN,34
619,4,4.0,1.0,109.77168674698795,12,25.69338,-100.11017,2.0,1.0,TRAIN,48
421,4,4.0,1.0,109.77168674698795,13,25.65846,-100.16494,2.0,1.0,TRAIN,34
305,4,2.0,0.0,124.98,10,25.6634,-100.1497,1.0,1.0,TRAIN,18
312,4,4.0,1.0,84.0,13,25.64689,-100.17775,2.0,1.0,TRAIN,11
617,4,4.0,1.0,128.0,13,25.65422,-100.07998,0.0,1.0,TRAIN,59
397,4,4.0,1.0,109.77168674698795,11,25.6812,-100.17201,2.0,1.0,TRAIN,7
416,4,4.0,1.0,107.52,12,25.65194,-100.18565,2.0,1.0,TRAIN,17
381,5,4.0,0.0,101.73,12,25.78953,-100.19482,4.0,2.0,TRAIN,1
513,5,4.0,1.0,107.18,13,25.80144,-100.21888,2.0,1.0,TRAIN,15
512,5,2.0,1.0,106.69,13,25.75565,-100.10629,2.0,1.0,TRAIN,43
382,5,4.0,1.0,98.66,13,25.70592,-100.1009,0.0,1.0,TRAIN,65
415,5,4.0,1.0,107.27,13,25.74753,-100.15064,2.0,1.0,TRAIN,20
203,5,5.0,0.0,99.9,12,25.74875,-100.22658,2.0,4.0,TRAIN,9
384,5,4.0,1.0,109.41,13,25.70345,-100.09608,2.0,1.0,TRAIN,47
871,5,4.0,1.0,116.15,12,25.79852,-100.22754,2.0,1.0,TRAIN,29
383,5,4.0,1.0,109.77168674698795,13,25.70929,-100.10361,4.0,1.0,TRAIN,51
872,5,4.0,1.0,107.4,11,25.76884,-100.15083,2.0,1.0,TRAIN,4
418,5,5.0,1.0,109.77168674698795,12,25.75359,-100.15279,2.0,1.0,TRAIN,39
202,5,4.0,0.0,119.18,10,25.82094,-100.22097,2.0,1.0,TRAIN,6
412,5,4.0,1.0,80.28,12,25.80539,-100.21943,2.0,1.0,TRAIN,8
393,5,4.0,1.0,115.2,12,25.82126,-100.10702,2.0,1.0,TRAIN,47
235,5,4.0,0.0,112.3,12,25.78424,-100.26629,2.0,1.0,TRAIN,18
394,5,4.0,1.0,126.41,13,25.81771,-100.1078,2.0,1.0,TRAIN,27
535,5,4.0,0.0,111.77,13,25.78523,-100.19049,4.0,3.0,TRAIN,15
534,5,4.0,1.0,114.38,13,25.80848,-100.2275,2.0,1.0,TRAIN,6
533,5,4.0,1.0,115.02,13,25.76443,-100.26214,2.0,1.0,TRAIN,58
398,5,4.0,1.0,117.29,13,25.76204,-100.13888,2.0,1.0,TRAIN,39
821,5,4.0,1.0,95.97,11,25.78159,-100.24528,2.0,1.0,TRAIN,59
399,5,6.0,1.0,109.77168674698795,13,25.8141,-100.25587,2.0,1.0,TRAIN,32
385,5,5.0,1.0,108.42,13,25.71077,-100.09625,0.0,1.0,TRAIN,57
388,5,4.0,1.0,112.95,13,25.82395,-100.12135,2.0,1.0,TRAIN,26
403,5,4.0,1.0,111.77,13,25.8132,-100.10732,4.0,1.0,TRAIN,23
831,5,2.0,1.0,109.73,12,25.80079,-100.19156,2.0,1.0,TRAIN,2
833,5,4.0,1.0,109.77168674698795,12,25.8173,-100.234,2.0,1.0,TRAIN,26
836,5,4.0,1.0,109.77168674698795,12,25.796,-100.2677,2.0,1.0,TRAIN,19
387,5,4.0,1.0,109.77168674698795,12,25.75882,-100.17007,0.0,4.0,TRAIN,73
217,5,5.0,1.0,118.08,10,25.79035,-100.26302,2.0,1.0,TRAIN,41
386,5,4.0,1.0,115.81,12,25.70686,-100.09634,3.0,1.0,TRAIN,71
849,5,4.0,1.0,107.1,11,25.85841,-99.94211,0.0,1.0,TRAIN,4
459,5,4.0,1.0,109.77168674698795,12,25.73927,-100.14431,2.0,1.0,TRAIN,12
136,5,5.0,1.0,109.77168674698795,10,25.77565,-100.26596,2.0,1.0,TRAIN,28
468,5,4.0,1.0,82.92,13,25.82092,-100.23078,2.0,1.0,TRAIN,33
467,5,4.0,1.0,107.9,13,25.82195,-100.23402,2.0,1.0,TRAIN,22
371,5,4.0,2.0,115.0,10,25.77614,-100.18724,3.0,3.0,TRAIN,10
465,5,4.0,0.0,121.19,13,25.77893,-100.25511,2.0,4.0,TRAIN,64
359,5,4.0,1.0,95.0,10,25.79337,-100.23526,2.0,1.0,TRAIN,25
462,5,4.0,0.0,121.28,10,25.7795,-100.1882,3.0,3.0,TRAIN,13
461,5,4.0,1.0,66.24,12,25.76057,-100.2168,2.0,1.0,TRAIN,7
137,5,6.0,1.0,64.51,12,25.78499,-100.25311,2.0,2.0,TRAIN,62
362,5,4.0,0.0,99.45,10,25.81464,-100.217,2.0,2.0,TRAIN,1
115,5,3.0,3.0,128.96,12,25.78965,-100.14666,4.0,0.0,TRAIN,1
363,5,4.0,1.0,96.0,13,25.81966,-100.25688,2.0,1.0,TRAIN,19
364,5,4.0,1.0,160.2,10,25.74235,-100.21792,1.0,2.0,TRAIN,2
369,5,4.0,1.0,115.79,13,25.76323,-100.14641,2.0,1.0,TRAIN,27
368,5,4.0,1.0,108.21,13,25.76541,-100.14872,2.0,1.0,TRAIN,21
448,5,4.0,0.0,95.22,13,25.77803,-100.17311,3.0,4.0,TRAIN,1
451,5,4.0,0.0,92.06,13,25.78324,-100.0539,2.0,1.0,TRAIN,12
449,5,4.0,1.0,123.86,13,25.74115,-100.22425,4.0,1.0,TRAIN,0
482,5,4.0,3.0,121.96,13,25.78409,-100.1831,3.0,3.0,TRAIN,17
494,5,4.0,0.0,121.98,13,26.08399,-99.60526,3.0,4.0,TRAIN,8
353,5,4.0,1.0,129.1,13,25.75508,-100.1333,2.0,1.0,TRAIN,17
422,5,4.0,0.0,111.54,13,25.87785,-100.25374,4.0,2.0,TRAIN,6
168,5,5.0,3.0,97.45,12,25.85564,-100.23961,4.0,0.0,TRAIN,0
426,5,4.0,3.0,147.56,11,25.77853,-100.18607,3.0,3.0,TRAIN,10
166,5,5.0,1.0,114.1,10,25.79733,-100.24907,2.0,1.0,TRAIN,32
428,5,4.0,1.0,109.92,12,25.79502,-100.21742,2.0,1.0,TRAIN,14
483,5,4.0,1.0,95.54,13,26.30989,-99.5393,2.0,1.0,TRAIN,8
502,5,4.0,0.0,143.24,13,25.78769,-100.18016,2.0,4.0,TRAIN,9
481,5,4.0,1.0,113.33,13,25.7829,-100.2648,2.0,1.0,TRAIN,26
479,5,4.0,3.0,111.44,13,25.78114,-100.18658,3.0,3.0,TRAIN,17
432,5,5.0,1.0,113.5,13,25.81587,-100.26231,2.0,1.0,TRAIN,31
376,5,4.0,1.0,117.85,12,25.74147,-100.15877,2.0,2.0,TRAIN,5
475,5,4.0,1.0,112.31,13,26.21838,-99.48379,2.0,1.0,TRAIN,4
434,5,4.0,1.0,97.3,13,25.78113,-100.25848,2.0,1.0,TRAIN,52
142,5,3.0,1.0,114.49,13,25.7783,-100.18404,4.0,0.0,TRAIN,14
473,5,4.0,1.0,105.56,13,26.08988,-99.61414,3.0,1.0,TRAIN,8
373,5,5.0,1.0,131.12,13,25.75829,-100.13589,2.0,1.0,TRAIN,32
678,5,4.0,1.0,108.95,13,25.80739,-100.23326,2.0,1.0,TRAIN,5
743,5,2.0,1.0,108.32,14,25.7687,-100.21336,2.0,1.0,TRAIN,2
603,5,4.0,0.0,125.71,13,25.77272,-100.01139,4.0,4.0,TRAIN,0
749,5,4.0,0.0,110.65,15,26.07895,-99.62539,4.0,4.0,TRAIN,2
574,5,4.0,1.0,129.77,13,25.8221,-100.25906,2.0,1.0,TRAIN,14
334,5,4.0,3.0,111.84,10,25.77734,-100.18229,4.0,0.0,TRAIN,11
608,5,4.0,1.0,107.74,13,25.78701,-100.20481,2.0,1.0,TRAIN,0
568,5,4.0,1.0,117.0,13,25.79812,-100.25672,2.0,1.0,TRAIN,24
683,5,4.0,1.0,110.37,13,25.75383,-100.10352,0.0,1.0,TRAIN,36
679,5,4.0,1.0,108.3,13,25.75634,-100.16623,2.0,1.0,TRAIN,54
742,5,4.0,0.0,128.77,14,25.79436,-100.08207,4.0,4.0,TRAIN,0
563,5,4.0,0.0,120.39,13,25.77845,-100.02328,4.0,4.0,TRAIN,0
255,5,4.0,1.0,130.38,12,25.77606,-100.25501,2.0,1.0,TRAIN,41
676,5,4.0,1.0,116.56,13,25.77877,-100.2631,2.0,1.0,TRAIN,42
675,5,4.0,0.0,120.0,13,25.78519,-100.05869,2.0,4.0,TRAIN,5
339,5,3.0,2.0,112.43,10,25.77858,-100.12156,4.0,2.0,TRAIN,3
771,5,4.0,1.0,120.27,15,25.77843,-100.24895,2.0,1.0,TRAIN,66
773,5,4.0,1.0,117.95,15,25.80301,-100.22922,2.0,1.0,TRAIN,26
283,5,4.0,1.0,89.6,13,25.76396,-100.24963,2.0,1.0,TRAIN,35
669,5,4.0,0.0,94.84,13,25.82412,-100.21998,2.0,4.0,TRAIN,10
775,5,4.0,1.0,98.26,15,25.76244,-100.25412,2.0,1.0,TRAIN,34
392,5,4.0,3.0,113.8,12,25.78061,-100.18968,3.0,3.0,TRAIN,20
596,5,2.0,1.0,115.38,13,25.79536,-100.0951,2.0,1.0,TRAIN,25
703,5,4.0,1.0,103.55,13,25.75169,-100.15797,2.0,1.0,TRAIN,23
705,5,4.0,1.0,129.77,13,25.74365,-100.1505,2.0,1.0,TRAIN,15
269,5,4.0,0.0,115.5,12,25.77694,-100.25638,0.0,2.0,TRAIN,45
707,5,4.0,1.0,110.65,13,25.77529,-100.23816,2.0,1.0,TRAIN,23
319,5,5.0,1.0,118.0,10,25.83017,-100.24536,2.0,4.0,TRAIN,6
714,5,4.0,1.0,137.47,13,25.87926,-100.0327,2.0,1.0,TRAIN,7
698,5,4.0,1.0,109.81,13,25.7564,-100.2484,2.0,1.0,TRAIN,51
239,5,4.0,1.0,111.49,12,25.76451,-100.2572,2.0,1.0,TRAIN,50
266,5,4.0,3.0,125.1,13,25.76677,-100.20124,4.0,0.0,TRAIN,2
636,5,4.0,1.0,127.58,13,25.79726,-100.05891,4.0,1.0,TRAIN,52
265,5,4.0,1.0,156.95,13,25.78422,-100.19039,3.0,0.0,TRAIN,17
729,5,4.0,0.0,118.07,13,25.78478,-100.25775,2.0,4.0,TRAIN,55
732,5,4.0,1.0,104.01,15,25.75866,-100.10849,4.0,1.0,TRAIN,28
733,5,4.0,0.0,122.28,14,25.79861,-100.20199,2.0,4.0,TRAIN,2
696,5,4.0,1.0,118.46,13,25.77371,-100.23999,2.0,1.0,TRAIN,28
736,5,4.0,1.0,96.29,15,25.81079,-100.21974,2.0,1.0,TRAIN,2
738,5,4.0,0.0,117.97,15,25.77445,-100.19367,1.0,4.0,TRAIN,4
739,5,4.0,0.0,111.44,15,25.80732,-100.24986,2.0,4.0,TRAIN,5
273,5,4.0,0.0,122.43,13,25.76794,-100.24138,2.0,2.0,TRAIN,26
651,5,4.0,0.0,110.12,13,25.77467,-100.20012,2.0,4.0,TRAIN,3
795,5,4.0,3.0,108.72,12,25.72208,-100.11152,4.0,2.0,TRAIN,0
666,5,4.0,1.0,115.11,13,25.7564,-100.23588,2.0,1.0,TRAIN,4
244,5,5.0,1.0,108.54,12,25.80301,-100.22456,2.0,4.0,TRAIN,24
647,5,4.0,1.0,115.21,13,25.7865,-100.26285,2.0,1.0,TRAIN,37
661,5,4.0,1.0,128.0,13,25.71494,-100.10718,2.0,1.0,TRAIN,22
631,5,4.0,1.0,121.89,13,25.7878,-100.26697,2.0,1.0,TRAIN,23
796,5,4.0,0.0,114.88,12,25.80135,-100.157,4.0,2.0,TRAIN,2
664,5,4.0,1.0,121.89,13,25.76367,-100.24509,2.0,1.0,TRAIN,29
797,5,4.0,3.0,128.56,13,25.71515,-100.10426,4.0,2.0,TRAIN,19
799,5,4.0,1.0,114.11,12,25.77842,-100.20311,2.0,2.0,TRAIN,1
646,5,4.0,1.0,101.34,13,25.8184,-100.09625,2.0,1.0,TRAIN,21
304,5,4.0,0.0,120.22,10,25.78333,-100.22558,2.0,0.0,TRAIN,4
777,5,4.0,1.0,97.46,14,25.76835,-100.25045,2.0,1.0,TRAIN,60
634,5,4.0,1.0,108.0,13,25.79764,-100.26361,2.0,1.0,TRAIN,17
549,5,2.0,1.0,94.33,13,25.7083,-100.08768,0.0,1.0,TRAIN,44
662,6,4.0,3.0,120.05,12,25.45501,-100.15735,2.0,4.0,TRAIN,5
623,6,4.0,1.0,120.77,12,25.58972,-99.98302,2.0,1.0,TRAIN,25
659,6,4.0,0.0,113.5595575221239,12,25.191,-99.82865,3.0,4.0,TRAIN,26
626,6,4.0,1.0,109.77168674698795,12,25.58631,-100.00492,2.0,1.0,TRAIN,28
88,6,4.0,3.0,107.2765100671141,11,25.3844,-100.11426,2.0,0.0,TRAIN,9
87,6,4.0,3.0,109.77168674698795,14,24.87257,-99.57919,4.0,2.0,TRAIN,24
622,6,4.0,0.0,89.67,10,25.58502,-99.99391,2.0,4.0,TRAIN,11
21,6,5.0,1.0,121.22,9,25.18824,-99.80819,0.0,1.0,TRAIN,44
621,6,4.0,0.0,107.2765100671141,11,25.58565,-100.03457,2.0,1.0,TRAIN,26
84,6,4.0,1.0,99.0,12,25.40713,-100.13747,2.0,1.0,TRAIN,27
83,6,4.0,1.0,107.2765100671141,13,25.5778,-100.01034,2.0,1.0,TRAIN,12
82,6,5.0,0.0,96.9,13,24.85338,-99.55459,2.0,4.0,TRAIN,23
81,6,6.0,1.0,106.7,13,25.56297,-99.97865,2.0,2.0,TRAIN,14
22,6,4.0,1.0,112.21,10,25.57557,-99.98963,2.0,4.0,TRAIN,12
99,6,4.0,1.0,114.06,13,24.8691,-99.55367,2.0,2.0,TRAIN,18
107,6,4.0,1.0,78.0,13,24.88132,-99.55085,2.0,1.0,TRAIN,31
719,6,4.0,1.0,109.77168674698795,12,25.58241,-100.02211,2.0,1.0,TRAIN,43
106,6,4.0,1.0,109.77168674698795,13,25.20434,-99.84566,2.0,1.0,TRAIN,3
105,6,4.0,1.0,109.77168674698795,13,25.18256,-99.81497,2.0,1.0,TRAIN,24
103,6,4.0,1.0,109.77168674698795,13,25.30148,-100.03258,2.0,1.0,TRAIN,41
102,6,5.0,1.0,109.77168674698795,13,25.20612,-99.83051,2.0,1.0,TRAIN,25
699,6,4.0,1.0,109.77168674698795,12,25.57064,-100.02873,2.0,1.0,TRAIN,10
654,6,4.0,0.0,109.77168674698795,12,25.18499,-99.8407,3.0,4.0,TRAIN,9
98,6,4.0,3.0,109.77168674698795,12,24.8886,-99.67181,4.0,0.0,TRAIN,7
97,6,4.0,1.0,107.2765100671141,13,25.19287,-99.82562,3.0,1.0,TRAIN,22
648,6,4.0,0.0,128.13,13,25.28052,-100.01043,4.0,4.0,TRAIN,5
95,6,4.0,1.0,113.55,12,24.86121,-99.5874,2.0,1.0,TRAIN,17
94,6,4.0,1.0,107.2765100671141,13,25.2663,-100.00712,2.0,4.0,TRAIN,21
93,6,4.0,3.0,107.87,11,25.61114,-100.04841,4.0,0.0,TRAIN,2
92,6,2.0,3.0,124.93,12,25.28406,-100.01023,4.0,1.0,TRAIN,4
627,6,4.0,1.0,92.17,11,25.37624,-100.11082,2.0,1.0,TRAIN,12
91,6,4.0,1.0,121.2,11,24.86346,-99.52436,2.0,1.0,TRAIN,20
282,6,3.0,3.0,109.77168674698795,13,24.85018,-99.5719,4.0,0.0,TRAIN,9
58,6,4.0,3.0,126.7,12,25.1883,-99.83526,3.0,3.0,TRAIN,16
57,6,4.0,3.0,114.0,12,25.24865,-99.97038,4.0,0.0,TRAIN,0
31,6,4.0,1.0,83.65,9,25.29708,-100.02935,2.0,1.0,TRAIN,32
55,6,4.0,0.0,122.02,12,25.47078,-100.17538,4.0,0.0,TRAIN,2
54,6,5.0,0.0,112.0,12,25.18022,-99.83248,2.0,4.0,TRAIN,19
53,6,4.0,3.0,115.53,12,25.15216,-99.84832,4.0,0.0,TRAIN,0
33,6,4.0,0.0,121.5,10,25.25546,-99.68657,2.0,3.0,TRAIN,14
34,6,4.0,0.0,103.21,10,25.28155,-100.0205,1.0,1.0,TRAIN,32
35,6,4.0,3.0,123.53,10,24.8626,-99.57939,4.0,0.0,TRAIN,5
51,6,6.0,0.0,116.0,12,24.85599,-99.53781,2.0,2.0,TRAIN,13
59,6,5.0,0.0,96.0,12,25.25199,-99.70225,2.0,4.0,TRAIN,3
36,6,4.0,1.0,110.27,12,25.1755,-99.83795,2.0,1.0,TRAIN,25
49,6,4.0,3.0,142.67,10,25.39686,-100.13477,2.0,4.0,TRAIN,20
618,6,4.0,0.0,109.93,12,25.56061,-100.00581,4.0,4.0,TRAIN,1
48,6,4.0,1.0,109.0,12,25.19349,-99.83942,4.0,2.0,TRAIN,15
47,6,4.0,1.0,107.2765100671141,12,24.86497,-99.561,2.0,3.0,TRAIN,34
46,6,4.0,1.0,99.74,12,25.58484,-99.98952,2.0,2.0,TRAIN,10
615,6,4.0,0.0,79.57,10,25.19016,-99.83539,2.0,4.0,TRAIN,22
38,6,4.0,3.0,106.51,12,25.6076,-99.64965,4.0,0.0,TRAIN,0
42,6,6.0,1.0,107.2765100671141,12,25.57826,-100.02549,2.0,1.0,TRAIN,24
41,6,4.0,0.0,105.05,12,25.45995,-99.99653,4.0,0.0,TRAIN,0
39,6,4.0,3.0,92.84,12,25.71129,-99.25392,4.0,0.0,TRAIN,3
71,6,4.0,0.0,83.13,13,25.58097,-100.00314,4.0,4.0,TRAIN,15
23,6,4.0,3.0,91.34,10,24.88103,-99.58133,3.0,3.0,TRAIN,9
77,6,4.0,1.0,100.28,13,25.22275,-99.93358,2.0,4.0,TRAIN,1
605,6,4.0,0.0,95.0,11,25.28028,-99.97056,4.0,4.0,TRAIN,0
75,6,4.0,3.0,108.36,13,24.86431,-99.57059,3.0,3.0,TRAIN,30
24,6,3.0,3.0,107.2765100671141,10,25.18881,-99.82257,1.0,4.0,TRAIN,30
25,6,4.0,0.0,104.8,10,25.18958,-99.85066,4.0,4.0,TRAIN,1
74,6,4.0,0.0,93.0,13,25.58452,-100.00093,2.0,4.0,TRAIN,18
73,6,4.0,0.0,95.0,13,25.59638,-100.02602,2.0,4.0,TRAIN,4
72,6,5.0,3.0,102.85,13,25.60005,-99.99983,4.0,0.0,TRAIN,23
79,6,5.0,0.0,104.45,13,24.8547,-99.56993,2.0,4.0,TRAIN,23
686,6,4.0,1.0,103.84,11,25.54298,-99.84019,2.0,1.0,TRAIN,1
26,6,4.0,0.0,106.62,10,24.86496,-99.56645,4.0,4.0,TRAIN,27
27,6,4.0,0.0,109.77168674698795,10,25.18924,-99.8317,2.0,4.0,TRAIN,28
66,6,4.0,1.0,89.0,12,25.18693,-99.82255,2.0,4.0,TRAIN,35
65,6,4.0,1.0,101.0,12,24.8592,-99.55032,2.0,4.0,TRAIN,27
64,6,4.0,3.0,78.81,13,25.58841,-100.00187,3.0,4.0,TRAIN,28
277,6,4.0,3.0,103.01,12,25.27453,-100.01677,4.0,0.0,TRAIN,7
28,6,5.0,1.0,105.75,10,25.57477,-99.97964,2.0,1.0,TRAIN,19
61,6,5.0,0.0,105.66,12,25.79335,-99.17981,2.0,4.0,TRAIN,11
29,6,4.0,3.0,108.0,10,25.19407,-99.83954,3.0,1.0,TRAIN,11
852,6,4.0,1.0,106.78,11,25.60786,-100.05789,2.0,1.0,TRAIN,6
837,6,4.0,2.0,95.0,10,25.59165,-100.00124,3.0,3.0,TRAIN,31
838,6,4.0,0.0,109.77168674698795,12,24.86658,-99.57686,4.0,0.0,TRAIN,19
218,6,3.0,1.0,56.2,12,25.43097,-100.15274,2.0,4.0,TRAIN,3
523,6,4.0,0.0,107.2765100671141,13,25.70674,-99.23637,4.0,4.0,TRAIN,10
522,6,2.0,3.0,128.5,13,25.81395,-99.16855,4.0,4.0,TRAIN,0
843,6,4.0,0.0,107.2765100671141,11,25.29304,-100.01274,4.0,0.0,TRAIN,2
844,6,4.0,1.0,113.5595575221239,12,25.6201,-100.0489,2.0,1.0,TRAIN,17
521,6,2.0,3.0,107.2765100671141,13,25.81326,-99.16838,4.0,4.0,TRAIN,0
779,6,4.0,0.0,109.77168674698795,12,25.7022,-99.22837,0.0,4.0,TRAIN,8
215,6,5.0,3.0,113.5595575221239,10,24.86443,-99.57326,3.0,4.0,TRAIN,20
555,6,2.0,1.0,107.2765100671141,13,24.87242,-99.56097,2.0,1.0,TRAIN,27
518,6,2.0,1.0,109.4,13,24.85695,-99.53004,2.0,1.0,TRAIN,19
219,6,3.0,1.0,109.77168674698795,10,25.4797,-100.17906,4.0,0.0,TRAIN,3
213,6,3.0,3.0,109.77168674698795,8,25.41392,-100.14064,4.0,4.0,TRAIN,5
209,6,5.0,3.0,119.2,10,25.26578,-100.00734,2.0,0.0,TRAIN,21
208,6,3.0,0.0,105.66,8,25.49461,-100.18759,2.0,4.0,TRAIN,4
516,6,2.0,1.0,108.65,13,25.5751,-100.01917,2.0,1.0,TRAIN,51
556,6,4.0,1.0,55.0,13,24.8612,-99.56176,1.0,4.0,TRAIN,38
206,6,3.0,3.0,109.77168674698795,14,25.45105,-100.16215,2.0,3.0,TRAIN,9
859,6,4.0,1.0,109.77168674698795,12,25.61021,-100.06526,2.0,1.0,TRAIN,10
514,6,2.0,1.0,107.0,13,25.59599,-100.077,2.0,1.0,TRAIN,34
863,6,4.0,1.0,109.77168674698795,12,25.18193,-99.85133,1.0,1.0,TRAIN,15
205,6,3.0,3.0,109.77168674698795,9,25.42426,-100.15199,3.0,0.0,TRAIN,1
867,6,4.0,0.0,109.77168674698795,12,24.86623,-99.5714,1.0,4.0,TRAIN,18
511,6,2.0,1.0,108.87,13,24.84738,-99.553,2.0,1.0,TRAIN,19
539,6,2.0,0.0,107.2765100671141,13,25.69036,-99.2423,4.0,0.0,TRAIN,11
538,6,2.0,1.0,109.77168674698795,13,25.60006,-99.98635,2.0,1.0,TRAIN,45
537,6,2.0,0.0,107.2765100671141,13,25.19829,-99.82656,2.0,4.0,TRAIN,15
801,6,4.0,0.0,109.77168674698795,12,25.58436,-100.02436,0.0,1.0,TRAIN,28
232,6,4.0,3.0,107.2765100671141,10,25.60058,-99.97002,4.0,0.0,TRAIN,2
793,6,4.0,0.0,107.2765100671141,11,25.1903,-99.8164,1.0,4.0,TRAIN,28
814,6,4.0,3.0,125.0,13,25.1249,-99.81162,4.0,0.0,TRAIN,0
815,6,4.0,3.0,109.4,12,25.56212,-100.0206,4.0,2.0,TRAIN,1
229,6,5.0,3.0,113.5595575221239,10,25.27826,-100.01964,3.0,3.0,TRAIN,28
228,6,4.0,0.0,114.34,10,25.37839,-100.11195,4.0,0.0,TRAIN,18
227,6,4.0,3.0,108.0,10,24.85589,-99.56377,2.0,4.0,TRAIN,41
869,6,4.0,1.0,113.5595575221239,12,25.16495,-99.84036,2.0,1.0,TRAIN,35
226,6,5.0,3.0,98.4,10,24.85948,-99.56629,3.0,3.0,TRAIN,41
791,6,4.0,1.0,109.77168674698795,15,25.182,-99.8244,2.0,1.0,TRAIN,33
224,6,5.0,3.0,135.72,8,25.1895,-99.83821,4.0,2.0,TRAIN,17
545,6,2.0,0.0,117.45,13,25.59278,-100.00266,3.0,4.0,TRAIN,28
826,6,4.0,0.0,102.0,11,25.58719,-100.0281,2.0,4.0,TRAIN,8
548,6,2.0,0.0,107.2765100671141,13,25.7961,-99.1784,4.0,2.0,TRAIN,14
528,6,4.0,1.0,107.2765100671141,13,25.60567,-100.07793,2.0,1.0,TRAIN,41
526,6,2.0,0.0,109.77168674698795,13,25.59127,-100.00781,1.0,4.0,TRAIN,15
785,6,4.0,2.0,109.77168674698795,12,25.26151,-99.67147,4.0,2.0,TRAIN,9
525,6,2.0,0.0,107.2765100671141,13,25.59205,-100.00413,3.0,4.0,TRAIN,27
784,6,4.0,1.0,90.95,10,25.2894,-100.03434,2.0,2.0,TRAIN,4
721,6,4.0,1.0,107.2765100671141,11,25.36299,-99.98668,4.0,1.0,TRAIN,0
744,6,4.0,3.0,109.77168674698795,12,25.60719,-100.04114,4.0,0.0,TRAIN,2
486,6,4.0,3.0,109.77168674698795,13,25.59693,-100.02597,4.0,4.0,TRAIN,4
485,6,4.0,0.0,113.5595575221239,13,25.29167,-100.02398,2.0,4.0,TRAIN,16
155,6,5.0,3.0,113.5595575221239,8,25.59048,-100.00025,4.0,1.0,TRAIN,30
737,6,4.0,0.0,107.2765100671141,11,25.57386,-100.00367,3.0,4.0,TRAIN,1
153,6,3.0,3.0,89.0,8,25.18819,-99.82875,0.0,3.0,TRAIN,24
734,6,4.0,3.0,107.2765100671141,11,25.5415,-100.00833,4.0,0.0,TRAIN,1
581,6,4.0,0.0,106.5,13,25.58871,-99.99602,2.0,4.0,TRAIN,17
144,6,3.0,3.0,113.5595575221239,10,24.88035,-99.58588,4.0,0.0,TRAIN,6
588,6,4.0,0.0,107.2765100671141,13,25.58313,-99.98599,2.0,4.0,TRAIN,11
723,6,4.0,1.0,121.21,12,25.37834,-100.11439,2.0,1.0,TRAIN,16
745,6,4.0,0.0,107.2765100671141,11,25.69224,-99.62149,3.0,2.0,TRAIN,0
718,6,4.0,1.0,109.77168674698795,12,25.5967,-99.98241,2.0,1.0,TRAIN,37
715,6,4.0,1.0,107.2765100671141,11,25.60082,-99.9882,4.0,4.0,TRAIN,40
124,6,3.0,0.0,109.77168674698795,10,25.46137,-100.17089,4.0,4.0,TRAIN,2
123,6,3.0,1.0,109.77168674698795,10,25.50882,-100.19437,2.0,0.0,TRAIN,4
713,6,4.0,0.0,122.17,12,24.85807,-99.57523,2.0,4.0,TRAIN,20
595,6,4.0,0.0,126.17,13,25.28658,-100.03171,4.0,4.0,TRAIN,11
708,6,4.0,0.0,107.2765100671141,11,25.3947,-100.12973,2.0,4.0,TRAIN,15
114,6,3.0,0.0,107.2765100671141,10,25.27831,-100.02243,4.0,4.0,TRAIN,20
111,6,2.0,0.0,107.2765100671141,13,25.58972,-99.99443,2.0,4.0,TRAIN,11
186,6,3.0,0.0,118.6,12,25.40545,-100.13366,2.0,4.0,TRAIN,25
874,6,4.0,0.0,104.0,11,25.40397,-99.98722,4.0,4.0,TRAIN,0
201,6,3.0,3.0,107.2765100671141,6,25.18989,-99.82471,3.0,3.0,TRAIN,31
764,6,4.0,0.0,107.2765100671141,11,25.28191,-100.02697,1.0,4.0,TRAIN,21
197,6,2.0,0.0,126.6,10,25.27938,-100.02285,4.0,4.0,TRAIN,22
195,6,3.0,1.0,117.0,6,25.57531,-100.00992,2.0,3.0,TRAIN,8
194,6,3.0,0.0,113.5595575221239,10,25.42277,-100.14712,2.0,0.0,TRAIN,2
192,6,5.0,0.0,101.0,10,25.59289,-100.01045,1.0,1.0,TRAIN,11
189,6,5.0,0.0,70.22,7,25.5929,-99.99295,1.0,4.0,TRAIN,16
187,6,3.0,0.0,93.17,9,25.59232,-100.0127,2.0,1.0,TRAIN,11
108,6,4.0,0.0,86.11,13,25.28456,-100.01976,4.0,4.0,TRAIN,35
501,6,2.0,1.0,98.7,13,25.17002,-99.84103,2.0,1.0,TRAIN,33
183,6,5.0,3.0,107.2765100671141,10,25.18675,-99.83461,4.0,4.0,TRAIN,18
757,6,4.0,3.0,109.77168674698795,12,25.46719,-100.17342,4.0,4.0,TRAIN,1
498,6,2.0,0.0,164.0,13,25.2806,-100.01745,3.0,4.0,TRAIN,24
497,6,2.0,1.0,113.5595575221239,13,25.20866,-99.84815,4.0,1.0,TRAIN,0
496,6,2.0,0.0,107.2765100671141,13,24.84507,-99.55926,2.0,4.0,TRAIN,15
572,6,4.0,1.0,109.77168674698795,13,25.5733,-100.02196,2.0,1.0,TRAIN,35
492,6,2.0,0.0,107.2765100671141,13,25.27251,-100.00065,2.0,4.0,TRAIN,8
172,6,5.0,3.0,109.77168674698795,8,25.19135,-99.81539,4.0,0.0,TRAIN,25
748,6,4.0,3.0,107.2765100671141,11,25.27433,-100.01648,4.0,0.0,TRAIN,8
747,6,4.0,3.0,122.7,12,25.599,-99.68105,4.0,0.0,TRAIN,0
