{
  "registros_con_muchos_nulos": {
    "threshold": 0.7,
    "count": 36,
    "ids": [
      "853",
      "904",
      "961",
      "926",
      "927",
      "858",
      "932",
      "939",
      "657",
      "489",
      "569",
      "857",
      "168",
      "603",
      "742",
      "563",
      "339",
      "796",
      "99",
      "57",
      "53",
      "38",
      "41",
      "77",
      "605",
      "686",
      "522",
      "521",
      "814",
      "818",
      "721",
      "737",
      "734",
      "745",
      "874",
      "747"
    ]
  },
  "registros_afectados_por_columna": {},
  "columnas_constantes": [
    "NOM_LOC",
    "MZA",
    "osm_conteo_paradas_autobus_200m",
    "osm_conteo_estaciones_tren_metro_200m",
    "osm_conteo_atm_cajeros_200m",
    "osm_conteo_paradas_autobus_500m",
    "osm_conteo_estaciones_tren_metro_500m",
    "osm_conteo_atm_cajeros_500m",
    "osm_conteo_paradas_autobus_1000m",
    "osm_conteo_estaciones_tren_metro_1000m",
    "osm_conteo_atm_cajeros_1000m"
  ],
  "columnas_baja_variabilidad": [
    "EXITO",
    "NOM_LOC",
    "MZA",
    "denue_conteo_generador_trafico_transporte_terminales_200m",
    "osm_conteo_paradas_autobus_200m",
    "osm_conteo_estaciones_tren_metro_200m",
    "osm_conteo_atm_cajeros_200m",
    "osm_conteo_bancos_osm_200m",
    "osm_conteo_universidades_colegios_osm_200m",
    "osm_conteo_paradas_autobus_500m",
    "osm_conteo_estaciones_tren_metro_500m",
    "osm_conteo_atm_cajeros_500m",
    "osm_conteo_paradas_autobus_1000m",
    "osm_conteo_estaciones_tren_metro_1000m",
    "osm_conteo_atm_cajeros_1000m"
  ]
}